"Date","Source","Site ID","POC","Daily Mean PM10 Concentration","UNITS","DAILY_AQI_VALUE","Site Name","DAILY_OBS_COUNT","PERCENT_COMPLETE","AQS_PARAMETER_CODE","AQS_PARAMETER_DESC","CBSA_CODE","CBSA_NAME","STATE_CODE","STATE","COUNTY_CODE","COUNTY","SITE_LATITUDE","SITE_LONGITUDE"
"01/01/2020","AQS","160010009","3","4","ug/m3 SC","4","","1","100.0000","81102","PM10 Total 0-10um STP","14260","Boise City, ID","16","Idaho","001","Ada","43.618889","-116.213611"
"01/02/2020","AQS","160010009","3","16","ug/m3 SC","15","","1","100.0000","81102","PM10 Total 0-10um STP","14260","Boise City, ID","16","Idaho","001","Ada","43.618889","-116.213611"
"01/03/2020","AQS","160010009","3","28","ug/m3 SC","26","","1","100.0000","81102","PM10 Total 0-10um STP","14260","Boise City, ID","16","Idaho","001","Ada","43.618889","-116.213611"
"01/04/2020","AQS","160010009","3","13","ug/m3 SC","12","","1","100.0000","81102","PM10 Total 0-10um STP","14260","Boise City, ID","16","Idaho","001","Ada","43.618889","-116.213611"
"01/05/2020","AQS","160010009","3","9","ug/m3 SC","8","","1","100.0000","81102","PM10 Total 0-10um STP","14260","Boise City, ID","16","Idaho","001","Ada","43.618889","-116.213611"
"01/06/2020","AQS","160010009","3","6","ug/m3 SC","6","","1","100.0000","81102","PM10 Total 0-10um STP","14260","Boise City, ID","16","Idaho","001","Ada","43.618889","-116.213611"
"01/07/2020","AQS","160010009","3","15","ug/m3 SC","14","","1","100.0000","81102","PM10 Total 0-10um STP","14260","Boise City, ID","16","Idaho","001","Ada","43.618889","-116.213611"
"01/08/2020","AQS","160010009","3","12","ug/m3 SC","11","","1","100.0000","81102","PM10 Total 0-10um STP","14260","Boise City, ID","16","Idaho","001","Ada","43.618889","-116.213611"
"01/09/2020","AQS","160010009","3","9","ug/m3 SC","8","","1","100.0000","81102","PM10 Total 0-10um STP","14260","Boise City, ID","16","Idaho","001","Ada","43.618889","-116.213611"
"01/10/2020","AQS","160010009","3","14","ug/m3 SC","13","","1","100.0000","81102","PM10 Total 0-10um STP","14260","Boise City, ID","16","Idaho","001","Ada","43.618889","-116.213611"
"01/11/2020","AQS","160010009","3","6","ug/m3 SC","6","","1","100.0000","81102","PM10 Total 0-10um STP","14260","Boise City, ID","16","Idaho","001","Ada","43.618889","-116.213611"
"01/12/2020","AQS","160010009","3","5","ug/m3 SC","5","","1","100.0000","81102","PM10 Total 0-10um STP","14260","Boise City, ID","16","Idaho","001","Ada","43.618889","-116.213611"
"01/13/2020","AQS","160010009","3","7","ug/m3 SC","6","","1","100.0000","81102","PM10 Total 0-10um STP","14260","Boise City, ID","16","Idaho","001","Ada","43.618889","-116.213611"
"01/14/2020","AQS","160010009","3","9","ug/m3 SC","8","","1","100.0000","81102","PM10 Total 0-10um STP","14260","Boise City, ID","16","Idaho","001","Ada","43.618889","-116.213611"
"01/15/2020","AQS","160010009","3","7","ug/m3 SC","6","","1","100.0000","81102","PM10 Total 0-10um STP","14260","Boise City, ID","16","Idaho","001","Ada","43.618889","-116.213611"
"01/16/2020","AQS","160010009","3","14","ug/m3 SC","13","","1","100.0000","81102","PM10 Total 0-10um STP","14260","Boise City, ID","16","Idaho","001","Ada","43.618889","-116.213611"
"01/17/2020","AQS","160010009","3","10","ug/m3 SC","9","","1","100.0000","81102","PM10 Total 0-10um STP","14260","Boise City, ID","16","Idaho","001","Ada","43.618889","-116.213611"
"01/18/2020","AQS","160010009","3","12","ug/m3 SC","11","","1","100.0000","81102","PM10 Total 0-10um STP","14260","Boise City, ID","16","Idaho","001","Ada","43.618889","-116.213611"
"01/19/2020","AQS","160010009","3","11","ug/m3 SC","10","","1","100.0000","81102","PM10 Total 0-10um STP","14260","Boise City, ID","16","Idaho","001","Ada","43.618889","-116.213611"
"01/20/2020","AQS","160010009","3","17","ug/m3 SC","16","","1","100.0000","81102","PM10 Total 0-10um STP","14260","Boise City, ID","16","Idaho","001","Ada","43.618889","-116.213611"
"01/21/2020","AQS","160010009","3","21","ug/m3 SC","19","","1","100.0000","81102","PM10 Total 0-10um STP","14260","Boise City, ID","16","Idaho","001","Ada","43.618889","-116.213611"
"01/22/2020","AQS","160010009","3","15","ug/m3 SC","14","","1","100.0000","81102","PM10 Total 0-10um STP","14260","Boise City, ID","16","Idaho","001","Ada","43.618889","-116.213611"
"01/23/2020","AQS","160010009","3","26","ug/m3 SC","24","","1","100.0000","81102","PM10 Total 0-10um STP","14260","Boise City, ID","16","Idaho","001","Ada","43.618889","-116.213611"
"01/24/2020","AQS","160010009","3","14","ug/m3 SC","13","","1","100.0000","81102","PM10 Total 0-10um STP","14260","Boise City, ID","16","Idaho","001","Ada","43.618889","-116.213611"
"01/25/2020","AQS","160010009","3","15","ug/m3 SC","14","","1","100.0000","81102","PM10 Total 0-10um STP","14260","Boise City, ID","16","Idaho","001","Ada","43.618889","-116.213611"
"01/26/2020","AQS","160010009","3","8","ug/m3 SC","7","","1","100.0000","81102","PM10 Total 0-10um STP","14260","Boise City, ID","16","Idaho","001","Ada","43.618889","-116.213611"
"01/27/2020","AQS","160010009","3","15","ug/m3 SC","14","","1","100.0000","81102","PM10 Total 0-10um STP","14260","Boise City, ID","16","Idaho","001","Ada","43.618889","-116.213611"
"01/28/2020","AQS","160010009","3","11","ug/m3 SC","10","","1","100.0000","81102","PM10 Total 0-10um STP","14260","Boise City, ID","16","Idaho","001","Ada","43.618889","-116.213611"
"01/29/2020","AQS","160010009","3","10","ug/m3 SC","9","","1","100.0000","81102","PM10 Total 0-10um STP","14260","Boise City, ID","16","Idaho","001","Ada","43.618889","-116.213611"
"01/30/2020","AQS","160010009","3","14","ug/m3 SC","13","","1","100.0000","81102","PM10 Total 0-10um STP","14260","Boise City, ID","16","Idaho","001","Ada","43.618889","-116.213611"
"01/31/2020","AQS","160010009","3","23","ug/m3 SC","21","","1","100.0000","81102","PM10 Total 0-10um STP","14260","Boise City, ID","16","Idaho","001","Ada","43.618889","-116.213611"
"02/01/2020","AQS","160010009","3","21","ug/m3 SC","19","","1","100.0000","81102","PM10 Total 0-10um STP","14260","Boise City, ID","16","Idaho","001","Ada","43.618889","-116.213611"
"02/02/2020","AQS","160010009","3","6","ug/m3 SC","6","","1","100.0000","81102","PM10 Total 0-10um STP","14260","Boise City, ID","16","Idaho","001","Ada","43.618889","-116.213611"
"02/03/2020","AQS","160010009","3","10","ug/m3 SC","9","","1","100.0000","81102","PM10 Total 0-10um STP","14260","Boise City, ID","16","Idaho","001","Ada","43.618889","-116.213611"
"02/04/2020","AQS","160010009","3","14","ug/m3 SC","13","","1","100.0000","81102","PM10 Total 0-10um STP","14260","Boise City, ID","16","Idaho","001","Ada","43.618889","-116.213611"
"02/05/2020","AQS","160010009","3","7","ug/m3 SC","6","","1","100.0000","81102","PM10 Total 0-10um STP","14260","Boise City, ID","16","Idaho","001","Ada","43.618889","-116.213611"
"02/06/2020","AQS","160010009","3","10","ug/m3 SC","9","","1","100.0000","81102","PM10 Total 0-10um STP","14260","Boise City, ID","16","Idaho","001","Ada","43.618889","-116.213611"
"02/07/2020","AQS","160010009","3","10","ug/m3 SC","9","","1","100.0000","81102","PM10 Total 0-10um STP","14260","Boise City, ID","16","Idaho","001","Ada","43.618889","-116.213611"
"02/08/2020","AQS","160010009","3","8","ug/m3 SC","7","","1","100.0000","81102","PM10 Total 0-10um STP","14260","Boise City, ID","16","Idaho","001","Ada","43.618889","-116.213611"
"02/09/2020","AQS","160010009","3","7","ug/m3 SC","6","","1","100.0000","81102","PM10 Total 0-10um STP","14260","Boise City, ID","16","Idaho","001","Ada","43.618889","-116.213611"
"02/10/2020","AQS","160010009","3","17","ug/m3 SC","16","","1","100.0000","81102","PM10 Total 0-10um STP","14260","Boise City, ID","16","Idaho","001","Ada","43.618889","-116.213611"
"02/11/2020","AQS","160010009","3","23","ug/m3 SC","21","","1","100.0000","81102","PM10 Total 0-10um STP","14260","Boise City, ID","16","Idaho","001","Ada","43.618889","-116.213611"
"02/12/2020","AQS","160010009","3","21","ug/m3 SC","19","","1","100.0000","81102","PM10 Total 0-10um STP","14260","Boise City, ID","16","Idaho","001","Ada","43.618889","-116.213611"
"02/13/2020","AQS","160010009","3","24","ug/m3 SC","22","","1","100.0000","81102","PM10 Total 0-10um STP","14260","Boise City, ID","16","Idaho","001","Ada","43.618889","-116.213611"
"02/14/2020","AQS","160010009","3","21","ug/m3 SC","19","","1","100.0000","81102","PM10 Total 0-10um STP","14260","Boise City, ID","16","Idaho","001","Ada","43.618889","-116.213611"
"02/15/2020","AQS","160010009","3","13","ug/m3 SC","12","","1","100.0000","81102","PM10 Total 0-10um STP","14260","Boise City, ID","16","Idaho","001","Ada","43.618889","-116.213611"
"02/16/2020","AQS","160010009","3","6","ug/m3 SC","6","","1","100.0000","81102","PM10 Total 0-10um STP","14260","Boise City, ID","16","Idaho","001","Ada","43.618889","-116.213611"
"02/17/2020","AQS","160010009","3","14","ug/m3 SC","13","","1","100.0000","81102","PM10 Total 0-10um STP","14260","Boise City, ID","16","Idaho","001","Ada","43.618889","-116.213611"
"02/18/2020","AQS","160010009","3","21","ug/m3 SC","19","","1","100.0000","81102","PM10 Total 0-10um STP","14260","Boise City, ID","16","Idaho","001","Ada","43.618889","-116.213611"
"02/19/2020","AQS","160010009","3","19","ug/m3 SC","18","","1","100.0000","81102","PM10 Total 0-10um STP","14260","Boise City, ID","16","Idaho","001","Ada","43.618889","-116.213611"
"02/20/2020","AQS","160010009","3","21","ug/m3 SC","19","","1","100.0000","81102","PM10 Total 0-10um STP","14260","Boise City, ID","16","Idaho","001","Ada","43.618889","-116.213611"
"02/21/2020","AQS","160010009","3","26","ug/m3 SC","24","","1","100.0000","81102","PM10 Total 0-10um STP","14260","Boise City, ID","16","Idaho","001","Ada","43.618889","-116.213611"
"02/22/2020","AQS","160010009","3","29","ug/m3 SC","27","","1","100.0000","81102","PM10 Total 0-10um STP","14260","Boise City, ID","16","Idaho","001","Ada","43.618889","-116.213611"
"02/23/2020","AQS","160010009","3","24","ug/m3 SC","22","","1","100.0000","81102","PM10 Total 0-10um STP","14260","Boise City, ID","16","Idaho","001","Ada","43.618889","-116.213611"
"02/24/2020","AQS","160010009","3","14","ug/m3 SC","13","","1","100.0000","81102","PM10 Total 0-10um STP","14260","Boise City, ID","16","Idaho","001","Ada","43.618889","-116.213611"
"02/25/2020","AQS","160010009","3","28","ug/m3 SC","26","","1","100.0000","81102","PM10 Total 0-10um STP","14260","Boise City, ID","16","Idaho","001","Ada","43.618889","-116.213611"
"02/26/2020","AQS","160010009","3","29","ug/m3 SC","27","","1","100.0000","81102","PM10 Total 0-10um STP","14260","Boise City, ID","16","Idaho","001","Ada","43.618889","-116.213611"
"02/27/2020","AQS","160010009","3","33","ug/m3 SC","31","","1","100.0000","81102","PM10 Total 0-10um STP","14260","Boise City, ID","16","Idaho","001","Ada","43.618889","-116.213611"
"02/28/2020","AQS","160010009","3","29","ug/m3 SC","27","","1","100.0000","81102","PM10 Total 0-10um STP","14260","Boise City, ID","16","Idaho","001","Ada","43.618889","-116.213611"
"02/29/2020","AQS","160010009","3","15","ug/m3 SC","14","","1","100.0000","81102","PM10 Total 0-10um STP","14260","Boise City, ID","16","Idaho","001","Ada","43.618889","-116.213611"
"03/01/2020","AQS","160010009","3","8","ug/m3 SC","7","","1","100.0000","81102","PM10 Total 0-10um STP","14260","Boise City, ID","16","Idaho","001","Ada","43.618889","-116.213611"
"03/02/2020","AQS","160010009","3","20","ug/m3 SC","19","","1","100.0000","81102","PM10 Total 0-10um STP","14260","Boise City, ID","16","Idaho","001","Ada","43.618889","-116.213611"
"03/03/2020","AQS","160010009","3","23","ug/m3 SC","21","","1","100.0000","81102","PM10 Total 0-10um STP","14260","Boise City, ID","16","Idaho","001","Ada","43.618889","-116.213611"
"03/04/2020","AQS","160010009","3","25","ug/m3 SC","23","","1","100.0000","81102","PM10 Total 0-10um STP","14260","Boise City, ID","16","Idaho","001","Ada","43.618889","-116.213611"
"03/05/2020","AQS","160010009","3","24","ug/m3 SC","22","","1","100.0000","81102","PM10 Total 0-10um STP","14260","Boise City, ID","16","Idaho","001","Ada","43.618889","-116.213611"
"03/06/2020","AQS","160010009","3","29","ug/m3 SC","27","","1","100.0000","81102","PM10 Total 0-10um STP","14260","Boise City, ID","16","Idaho","001","Ada","43.618889","-116.213611"
"03/07/2020","AQS","160010009","3","22","ug/m3 SC","20","","1","100.0000","81102","PM10 Total 0-10um STP","14260","Boise City, ID","16","Idaho","001","Ada","43.618889","-116.213611"
"03/08/2020","AQS","160010009","3","12","ug/m3 SC","11","","1","100.0000","81102","PM10 Total 0-10um STP","14260","Boise City, ID","16","Idaho","001","Ada","43.618889","-116.213611"
"03/09/2020","AQS","160010009","3","12","ug/m3 SC","11","","1","100.0000","81102","PM10 Total 0-10um STP","14260","Boise City, ID","16","Idaho","001","Ada","43.618889","-116.213611"
"03/10/2020","AQS","160010009","3","19","ug/m3 SC","18","","1","100.0000","81102","PM10 Total 0-10um STP","14260","Boise City, ID","16","Idaho","001","Ada","43.618889","-116.213611"
"03/11/2020","AQS","160010009","3","18","ug/m3 SC","17","","1","100.0000","81102","PM10 Total 0-10um STP","14260","Boise City, ID","16","Idaho","001","Ada","43.618889","-116.213611"
"03/12/2020","AQS","160010009","3","19","ug/m3 SC","18","","1","100.0000","81102","PM10 Total 0-10um STP","14260","Boise City, ID","16","Idaho","001","Ada","43.618889","-116.213611"
"03/13/2020","AQS","160010009","3","29","ug/m3 SC","27","","1","100.0000","81102","PM10 Total 0-10um STP","14260","Boise City, ID","16","Idaho","001","Ada","43.618889","-116.213611"
"03/14/2020","AQS","160010009","3","16","ug/m3 SC","15","","1","100.0000","81102","PM10 Total 0-10um STP","14260","Boise City, ID","16","Idaho","001","Ada","43.618889","-116.213611"
"03/15/2020","AQS","160010009","3","12","ug/m3 SC","11","","1","100.0000","81102","PM10 Total 0-10um STP","14260","Boise City, ID","16","Idaho","001","Ada","43.618889","-116.213611"
"03/16/2020","AQS","160010009","3","17","ug/m3 SC","16","","1","100.0000","81102","PM10 Total 0-10um STP","14260","Boise City, ID","16","Idaho","001","Ada","43.618889","-116.213611"
"03/17/2020","AQS","160010009","3","17","ug/m3 SC","16","","1","100.0000","81102","PM10 Total 0-10um STP","14260","Boise City, ID","16","Idaho","001","Ada","43.618889","-116.213611"
"03/18/2020","AQS","160010009","3","13","ug/m3 SC","12","","1","100.0000","81102","PM10 Total 0-10um STP","14260","Boise City, ID","16","Idaho","001","Ada","43.618889","-116.213611"
"03/19/2020","AQS","160010009","3","19","ug/m3 SC","18","","1","100.0000","81102","PM10 Total 0-10um STP","14260","Boise City, ID","16","Idaho","001","Ada","43.618889","-116.213611"
"03/20/2020","AQS","160010009","3","18","ug/m3 SC","17","","1","100.0000","81102","PM10 Total 0-10um STP","14260","Boise City, ID","16","Idaho","001","Ada","43.618889","-116.213611"
"03/21/2020","AQS","160010009","3","16","ug/m3 SC","15","","1","100.0000","81102","PM10 Total 0-10um STP","14260","Boise City, ID","16","Idaho","001","Ada","43.618889","-116.213611"
"03/22/2020","AQS","160010009","3","14","ug/m3 SC","13","","1","100.0000","81102","PM10 Total 0-10um STP","14260","Boise City, ID","16","Idaho","001","Ada","43.618889","-116.213611"
"03/23/2020","AQS","160010009","3","17","ug/m3 SC","16","","1","100.0000","81102","PM10 Total 0-10um STP","14260","Boise City, ID","16","Idaho","001","Ada","43.618889","-116.213611"
"03/24/2020","AQS","160010009","3","11","ug/m3 SC","10","","1","100.0000","81102","PM10 Total 0-10um STP","14260","Boise City, ID","16","Idaho","001","Ada","43.618889","-116.213611"
"03/25/2020","AQS","160010009","3","11","ug/m3 SC","10","","1","100.0000","81102","PM10 Total 0-10um STP","14260","Boise City, ID","16","Idaho","001","Ada","43.618889","-116.213611"
"03/26/2020","AQS","160010009","3","12","ug/m3 SC","11","","1","100.0000","81102","PM10 Total 0-10um STP","14260","Boise City, ID","16","Idaho","001","Ada","43.618889","-116.213611"
"03/27/2020","AQS","160010009","3","16","ug/m3 SC","15","","1","100.0000","81102","PM10 Total 0-10um STP","14260","Boise City, ID","16","Idaho","001","Ada","43.618889","-116.213611"
"03/28/2020","AQS","160010009","3","11","ug/m3 SC","10","","1","100.0000","81102","PM10 Total 0-10um STP","14260","Boise City, ID","16","Idaho","001","Ada","43.618889","-116.213611"
"03/29/2020","AQS","160010009","3","7","ug/m3 SC","6","","1","100.0000","81102","PM10 Total 0-10um STP","14260","Boise City, ID","16","Idaho","001","Ada","43.618889","-116.213611"
"03/30/2020","AQS","160010009","3","9","ug/m3 SC","8","","1","100.0000","81102","PM10 Total 0-10um STP","14260","Boise City, ID","16","Idaho","001","Ada","43.618889","-116.213611"
"03/31/2020","AQS","160010009","3","4","ug/m3 SC","4","","1","100.0000","81102","PM10 Total 0-10um STP","14260","Boise City, ID","16","Idaho","001","Ada","43.618889","-116.213611"
"01/01/2020","AQS","160050015","3","4","ug/m3 SC","4","Pocatello - Garrett and Gould","1","100.0000","81102","PM10 Total 0-10um STP","38540","Pocatello, ID","16","Idaho","005","Bannock","42.876725","-112.460347"
"01/02/2020","AQS","160050015","3","2","ug/m3 SC","2","Pocatello - Garrett and Gould","1","100.0000","81102","PM10 Total 0-10um STP","38540","Pocatello, ID","16","Idaho","005","Bannock","42.876725","-112.460347"
"01/03/2020","AQS","160050015","3","9","ug/m3 SC","8","Pocatello - Garrett and Gould","1","100.0000","81102","PM10 Total 0-10um STP","38540","Pocatello, ID","16","Idaho","005","Bannock","42.876725","-112.460347"
"01/04/2020","AQS","160050015","3","10","ug/m3 SC","9","Pocatello - Garrett and Gould","1","100.0000","81102","PM10 Total 0-10um STP","38540","Pocatello, ID","16","Idaho","005","Bannock","42.876725","-112.460347"
"01/05/2020","AQS","160050015","3","4","ug/m3 SC","4","Pocatello - Garrett and Gould","1","100.0000","81102","PM10 Total 0-10um STP","38540","Pocatello, ID","16","Idaho","005","Bannock","42.876725","-112.460347"
"01/06/2020","AQS","160050015","3","3","ug/m3 SC","3","Pocatello - Garrett and Gould","1","100.0000","81102","PM10 Total 0-10um STP","38540","Pocatello, ID","16","Idaho","005","Bannock","42.876725","-112.460347"
"01/07/2020","AQS","160050015","3","8","ug/m3 SC","7","Pocatello - Garrett and Gould","1","100.0000","81102","PM10 Total 0-10um STP","38540","Pocatello, ID","16","Idaho","005","Bannock","42.876725","-112.460347"
"01/08/2020","AQS","160050015","3","5","ug/m3 SC","5","Pocatello - Garrett and Gould","1","100.0000","81102","PM10 Total 0-10um STP","38540","Pocatello, ID","16","Idaho","005","Bannock","42.876725","-112.460347"
"01/09/2020","AQS","160050015","3","5","ug/m3 SC","5","Pocatello - Garrett and Gould","1","100.0000","81102","PM10 Total 0-10um STP","38540","Pocatello, ID","16","Idaho","005","Bannock","42.876725","-112.460347"
"01/10/2020","AQS","160050015","3","6","ug/m3 SC","6","Pocatello - Garrett and Gould","1","100.0000","81102","PM10 Total 0-10um STP","38540","Pocatello, ID","16","Idaho","005","Bannock","42.876725","-112.460347"
"01/11/2020","AQS","160050015","3","5","ug/m3 SC","5","Pocatello - Garrett and Gould","1","100.0000","81102","PM10 Total 0-10um STP","38540","Pocatello, ID","16","Idaho","005","Bannock","42.876725","-112.460347"
"01/12/2020","AQS","160050015","3","3","ug/m3 SC","3","Pocatello - Garrett and Gould","1","100.0000","81102","PM10 Total 0-10um STP","38540","Pocatello, ID","16","Idaho","005","Bannock","42.876725","-112.460347"
"01/13/2020","AQS","160050015","3","3","ug/m3 SC","3","Pocatello - Garrett and Gould","1","100.0000","81102","PM10 Total 0-10um STP","38540","Pocatello, ID","16","Idaho","005","Bannock","42.876725","-112.460347"
"01/14/2020","AQS","160050015","3","2","ug/m3 SC","2","Pocatello - Garrett and Gould","1","100.0000","81102","PM10 Total 0-10um STP","38540","Pocatello, ID","16","Idaho","005","Bannock","42.876725","-112.460347"
"01/15/2020","AQS","160050015","3","8","ug/m3 SC","7","Pocatello - Garrett and Gould","1","100.0000","81102","PM10 Total 0-10um STP","38540","Pocatello, ID","16","Idaho","005","Bannock","42.876725","-112.460347"
"01/16/2020","AQS","160050015","3","17","ug/m3 SC","16","Pocatello - Garrett and Gould","1","100.0000","81102","PM10 Total 0-10um STP","38540","Pocatello, ID","16","Idaho","005","Bannock","42.876725","-112.460347"
"01/18/2020","AQS","160050015","3","7","ug/m3 SC","6","Pocatello - Garrett and Gould","1","100.0000","81102","PM10 Total 0-10um STP","38540","Pocatello, ID","16","Idaho","005","Bannock","42.876725","-112.460347"
"01/19/2020","AQS","160050015","3","19","ug/m3 SC","18","Pocatello - Garrett and Gould","1","100.0000","81102","PM10 Total 0-10um STP","38540","Pocatello, ID","16","Idaho","005","Bannock","42.876725","-112.460347"
"01/20/2020","AQS","160050015","3","16","ug/m3 SC","15","Pocatello - Garrett and Gould","1","100.0000","81102","PM10 Total 0-10um STP","38540","Pocatello, ID","16","Idaho","005","Bannock","42.876725","-112.460347"
"01/21/2020","AQS","160050015","3","21","ug/m3 SC","19","Pocatello - Garrett and Gould","1","100.0000","81102","PM10 Total 0-10um STP","38540","Pocatello, ID","16","Idaho","005","Bannock","42.876725","-112.460347"
"01/22/2020","AQS","160050015","3","4","ug/m3 SC","4","Pocatello - Garrett and Gould","1","100.0000","81102","PM10 Total 0-10um STP","38540","Pocatello, ID","16","Idaho","005","Bannock","42.876725","-112.460347"
"01/23/2020","AQS","160050015","3","9","ug/m3 SC","8","Pocatello - Garrett and Gould","1","100.0000","81102","PM10 Total 0-10um STP","38540","Pocatello, ID","16","Idaho","005","Bannock","42.876725","-112.460347"
"01/24/2020","AQS","160050015","3","11","ug/m3 SC","10","Pocatello - Garrett and Gould","1","100.0000","81102","PM10 Total 0-10um STP","38540","Pocatello, ID","16","Idaho","005","Bannock","42.876725","-112.460347"
"01/25/2020","AQS","160050015","3","6","ug/m3 SC","6","Pocatello - Garrett and Gould","1","100.0000","81102","PM10 Total 0-10um STP","38540","Pocatello, ID","16","Idaho","005","Bannock","42.876725","-112.460347"
"01/26/2020","AQS","160050015","3","4","ug/m3 SC","4","Pocatello - Garrett and Gould","1","100.0000","81102","PM10 Total 0-10um STP","38540","Pocatello, ID","16","Idaho","005","Bannock","42.876725","-112.460347"
"01/27/2020","AQS","160050015","3","3","ug/m3 SC","3","Pocatello - Garrett and Gould","1","100.0000","81102","PM10 Total 0-10um STP","38540","Pocatello, ID","16","Idaho","005","Bannock","42.876725","-112.460347"
"01/28/2020","AQS","160050015","3","5","ug/m3 SC","5","Pocatello - Garrett and Gould","1","100.0000","81102","PM10 Total 0-10um STP","38540","Pocatello, ID","16","Idaho","005","Bannock","42.876725","-112.460347"
"01/29/2020","AQS","160050015","3","4","ug/m3 SC","4","Pocatello - Garrett and Gould","1","100.0000","81102","PM10 Total 0-10um STP","38540","Pocatello, ID","16","Idaho","005","Bannock","42.876725","-112.460347"
"01/30/2020","AQS","160050015","3","4","ug/m3 SC","4","Pocatello - Garrett and Gould","1","100.0000","81102","PM10 Total 0-10um STP","38540","Pocatello, ID","16","Idaho","005","Bannock","42.876725","-112.460347"
"01/31/2020","AQS","160050015","3","8","ug/m3 SC","7","Pocatello - Garrett and Gould","1","100.0000","81102","PM10 Total 0-10um STP","38540","Pocatello, ID","16","Idaho","005","Bannock","42.876725","-112.460347"
"02/01/2020","AQS","160050015","3","7","ug/m3 SC","6","Pocatello - Garrett and Gould","1","100.0000","81102","PM10 Total 0-10um STP","38540","Pocatello, ID","16","Idaho","005","Bannock","42.876725","-112.460347"
"02/02/2020","AQS","160050015","3","3","ug/m3 SC","3","Pocatello - Garrett and Gould","1","100.0000","81102","PM10 Total 0-10um STP","38540","Pocatello, ID","16","Idaho","005","Bannock","42.876725","-112.460347"
"02/03/2020","AQS","160050015","3","9","ug/m3 SC","8","Pocatello - Garrett and Gould","1","100.0000","81102","PM10 Total 0-10um STP","38540","Pocatello, ID","16","Idaho","005","Bannock","42.876725","-112.460347"
"02/04/2020","AQS","160050015","3","12","ug/m3 SC","11","Pocatello - Garrett and Gould","1","100.0000","81102","PM10 Total 0-10um STP","38540","Pocatello, ID","16","Idaho","005","Bannock","42.876725","-112.460347"
"02/05/2020","AQS","160050015","3","4","ug/m3 SC","4","Pocatello - Garrett and Gould","1","100.0000","81102","PM10 Total 0-10um STP","38540","Pocatello, ID","16","Idaho","005","Bannock","42.876725","-112.460347"
"02/06/2020","AQS","160050015","3","2","ug/m3 SC","2","Pocatello - Garrett and Gould","1","100.0000","81102","PM10 Total 0-10um STP","38540","Pocatello, ID","16","Idaho","005","Bannock","42.876725","-112.460347"
"02/07/2020","AQS","160050015","3","3","ug/m3 SC","3","Pocatello - Garrett and Gould","1","100.0000","81102","PM10 Total 0-10um STP","38540","Pocatello, ID","16","Idaho","005","Bannock","42.876725","-112.460347"
"02/08/2020","AQS","160050015","3","4","ug/m3 SC","4","Pocatello - Garrett and Gould","1","100.0000","81102","PM10 Total 0-10um STP","38540","Pocatello, ID","16","Idaho","005","Bannock","42.876725","-112.460347"
"02/09/2020","AQS","160050015","3","5","ug/m3 SC","5","Pocatello - Garrett and Gould","1","100.0000","81102","PM10 Total 0-10um STP","38540","Pocatello, ID","16","Idaho","005","Bannock","42.876725","-112.460347"
"02/10/2020","AQS","160050015","3","8","ug/m3 SC","7","Pocatello - Garrett and Gould","1","100.0000","81102","PM10 Total 0-10um STP","38540","Pocatello, ID","16","Idaho","005","Bannock","42.876725","-112.460347"
"02/11/2020","AQS","160050015","3","9","ug/m3 SC","8","Pocatello - Garrett and Gould","1","100.0000","81102","PM10 Total 0-10um STP","38540","Pocatello, ID","16","Idaho","005","Bannock","42.876725","-112.460347"
"02/12/2020","AQS","160050015","3","17","ug/m3 SC","16","Pocatello - Garrett and Gould","1","100.0000","81102","PM10 Total 0-10um STP","38540","Pocatello, ID","16","Idaho","005","Bannock","42.876725","-112.460347"
"02/13/2020","AQS","160050015","3","15","ug/m3 SC","14","Pocatello - Garrett and Gould","1","100.0000","81102","PM10 Total 0-10um STP","38540","Pocatello, ID","16","Idaho","005","Bannock","42.876725","-112.460347"
"02/14/2020","AQS","160050015","3","13","ug/m3 SC","12","Pocatello - Garrett and Gould","1","100.0000","81102","PM10 Total 0-10um STP","38540","Pocatello, ID","16","Idaho","005","Bannock","42.876725","-112.460347"
"02/15/2020","AQS","160050015","3","7","ug/m3 SC","6","Pocatello - Garrett and Gould","1","100.0000","81102","PM10 Total 0-10um STP","38540","Pocatello, ID","16","Idaho","005","Bannock","42.876725","-112.460347"
"02/16/2020","AQS","160050015","3","1","ug/m3 SC","1","Pocatello - Garrett and Gould","1","100.0000","81102","PM10 Total 0-10um STP","38540","Pocatello, ID","16","Idaho","005","Bannock","42.876725","-112.460347"
"02/17/2020","AQS","160050015","3","5","ug/m3 SC","5","Pocatello - Garrett and Gould","1","100.0000","81102","PM10 Total 0-10um STP","38540","Pocatello, ID","16","Idaho","005","Bannock","42.876725","-112.460347"
"02/18/2020","AQS","160050015","3","8","ug/m3 SC","7","Pocatello - Garrett and Gould","1","100.0000","81102","PM10 Total 0-10um STP","38540","Pocatello, ID","16","Idaho","005","Bannock","42.876725","-112.460347"
"02/19/2020","AQS","160050015","3","17","ug/m3 SC","16","Pocatello - Garrett and Gould","1","100.0000","81102","PM10 Total 0-10um STP","38540","Pocatello, ID","16","Idaho","005","Bannock","42.876725","-112.460347"
"02/20/2020","AQS","160050015","3","14","ug/m3 SC","13","Pocatello - Garrett and Gould","1","100.0000","81102","PM10 Total 0-10um STP","38540","Pocatello, ID","16","Idaho","005","Bannock","42.876725","-112.460347"
"02/21/2020","AQS","160050015","3","22","ug/m3 SC","20","Pocatello - Garrett and Gould","1","100.0000","81102","PM10 Total 0-10um STP","38540","Pocatello, ID","16","Idaho","005","Bannock","42.876725","-112.460347"
"02/22/2020","AQS","160050015","3","24","ug/m3 SC","22","Pocatello - Garrett and Gould","1","100.0000","81102","PM10 Total 0-10um STP","38540","Pocatello, ID","16","Idaho","005","Bannock","42.876725","-112.460347"
"02/23/2020","AQS","160050015","3","37","ug/m3 SC","34","Pocatello - Garrett and Gould","1","100.0000","81102","PM10 Total 0-10um STP","38540","Pocatello, ID","16","Idaho","005","Bannock","42.876725","-112.460347"
"02/24/2020","AQS","160050015","3","8","ug/m3 SC","7","Pocatello - Garrett and Gould","1","100.0000","81102","PM10 Total 0-10um STP","38540","Pocatello, ID","16","Idaho","005","Bannock","42.876725","-112.460347"
"02/25/2020","AQS","160050015","3","13","ug/m3 SC","12","Pocatello - Garrett and Gould","1","100.0000","81102","PM10 Total 0-10um STP","38540","Pocatello, ID","16","Idaho","005","Bannock","42.876725","-112.460347"
"02/26/2020","AQS","160050015","3","15","ug/m3 SC","14","Pocatello - Garrett and Gould","1","100.0000","81102","PM10 Total 0-10um STP","38540","Pocatello, ID","16","Idaho","005","Bannock","42.876725","-112.460347"
"02/27/2020","AQS","160050015","3","32","ug/m3 SC","30","Pocatello - Garrett and Gould","1","100.0000","81102","PM10 Total 0-10um STP","38540","Pocatello, ID","16","Idaho","005","Bannock","42.876725","-112.460347"
"02/28/2020","AQS","160050015","3","32","ug/m3 SC","30","Pocatello - Garrett and Gould","1","100.0000","81102","PM10 Total 0-10um STP","38540","Pocatello, ID","16","Idaho","005","Bannock","42.876725","-112.460347"
"02/29/2020","AQS","160050015","3","16","ug/m3 SC","15","Pocatello - Garrett and Gould","1","100.0000","81102","PM10 Total 0-10um STP","38540","Pocatello, ID","16","Idaho","005","Bannock","42.876725","-112.460347"
"03/01/2020","AQS","160050015","3","4","ug/m3 SC","4","Pocatello - Garrett and Gould","1","100.0000","81102","PM10 Total 0-10um STP","38540","Pocatello, ID","16","Idaho","005","Bannock","42.876725","-112.460347"
"03/02/2020","AQS","160050015","3","11","ug/m3 SC","10","Pocatello - Garrett and Gould","1","100.0000","81102","PM10 Total 0-10um STP","38540","Pocatello, ID","16","Idaho","005","Bannock","42.876725","-112.460347"
"03/03/2020","AQS","160050015","3","10","ug/m3 SC","9","Pocatello - Garrett and Gould","1","100.0000","81102","PM10 Total 0-10um STP","38540","Pocatello, ID","16","Idaho","005","Bannock","42.876725","-112.460347"
"03/04/2020","AQS","160050015","3","13","ug/m3 SC","12","Pocatello - Garrett and Gould","1","100.0000","81102","PM10 Total 0-10um STP","38540","Pocatello, ID","16","Idaho","005","Bannock","42.876725","-112.460347"
"03/05/2020","AQS","160050015","3","22","ug/m3 SC","20","Pocatello - Garrett and Gould","1","100.0000","81102","PM10 Total 0-10um STP","38540","Pocatello, ID","16","Idaho","005","Bannock","42.876725","-112.460347"
"03/06/2020","AQS","160050015","3","24","ug/m3 SC","22","Pocatello - Garrett and Gould","1","100.0000","81102","PM10 Total 0-10um STP","38540","Pocatello, ID","16","Idaho","005","Bannock","42.876725","-112.460347"
"03/07/2020","AQS","160050015","3","26","ug/m3 SC","24","Pocatello - Garrett and Gould","1","100.0000","81102","PM10 Total 0-10um STP","38540","Pocatello, ID","16","Idaho","005","Bannock","42.876725","-112.460347"
"03/08/2020","AQS","160050015","3","4","ug/m3 SC","4","Pocatello - Garrett and Gould","1","100.0000","81102","PM10 Total 0-10um STP","38540","Pocatello, ID","16","Idaho","005","Bannock","42.876725","-112.460347"
"03/09/2020","AQS","160050015","3","7","ug/m3 SC","6","Pocatello - Garrett and Gould","1","100.0000","81102","PM10 Total 0-10um STP","38540","Pocatello, ID","16","Idaho","005","Bannock","42.876725","-112.460347"
"03/10/2020","AQS","160050015","3","13","ug/m3 SC","12","Pocatello - Garrett and Gould","1","100.0000","81102","PM10 Total 0-10um STP","38540","Pocatello, ID","16","Idaho","005","Bannock","42.876725","-112.460347"
"03/11/2020","AQS","160050015","3","14","ug/m3 SC","13","Pocatello - Garrett and Gould","1","100.0000","81102","PM10 Total 0-10um STP","38540","Pocatello, ID","16","Idaho","005","Bannock","42.876725","-112.460347"
"03/12/2020","AQS","160050015","3","17","ug/m3 SC","16","Pocatello - Garrett and Gould","1","100.0000","81102","PM10 Total 0-10um STP","38540","Pocatello, ID","16","Idaho","005","Bannock","42.876725","-112.460347"
"03/13/2020","AQS","160050015","3","39","ug/m3 SC","36","Pocatello - Garrett and Gould","1","100.0000","81102","PM10 Total 0-10um STP","38540","Pocatello, ID","16","Idaho","005","Bannock","42.876725","-112.460347"
"03/14/2020","AQS","160050015","3","10","ug/m3 SC","9","Pocatello - Garrett and Gould","1","100.0000","81102","PM10 Total 0-10um STP","38540","Pocatello, ID","16","Idaho","005","Bannock","42.876725","-112.460347"
"03/15/2020","AQS","160050015","3","4","ug/m3 SC","4","Pocatello - Garrett and Gould","1","100.0000","81102","PM10 Total 0-10um STP","38540","Pocatello, ID","16","Idaho","005","Bannock","42.876725","-112.460347"
"03/16/2020","AQS","160050015","3","13","ug/m3 SC","12","Pocatello - Garrett and Gould","1","100.0000","81102","PM10 Total 0-10um STP","38540","Pocatello, ID","16","Idaho","005","Bannock","42.876725","-112.460347"
"03/17/2020","AQS","160050015","3","12","ug/m3 SC","11","Pocatello - Garrett and Gould","1","100.0000","81102","PM10 Total 0-10um STP","38540","Pocatello, ID","16","Idaho","005","Bannock","42.876725","-112.460347"
"03/18/2020","AQS","160050015","3","7","ug/m3 SC","6","Pocatello - Garrett and Gould","1","100.0000","81102","PM10 Total 0-10um STP","38540","Pocatello, ID","16","Idaho","005","Bannock","42.876725","-112.460347"
"03/19/2020","AQS","160050015","3","10","ug/m3 SC","9","Pocatello - Garrett and Gould","1","100.0000","81102","PM10 Total 0-10um STP","38540","Pocatello, ID","16","Idaho","005","Bannock","42.876725","-112.460347"
"03/20/2020","AQS","160050015","3","12","ug/m3 SC","11","Pocatello - Garrett and Gould","1","100.0000","81102","PM10 Total 0-10um STP","38540","Pocatello, ID","16","Idaho","005","Bannock","42.876725","-112.460347"
"03/21/2020","AQS","160050015","3","3","ug/m3 SC","3","Pocatello - Garrett and Gould","1","100.0000","81102","PM10 Total 0-10um STP","38540","Pocatello, ID","16","Idaho","005","Bannock","42.876725","-112.460347"
"03/22/2020","AQS","160050015","3","5","ug/m3 SC","5","Pocatello - Garrett and Gould","1","100.0000","81102","PM10 Total 0-10um STP","38540","Pocatello, ID","16","Idaho","005","Bannock","42.876725","-112.460347"
"03/23/2020","AQS","160050015","3","5","ug/m3 SC","5","Pocatello - Garrett and Gould","1","100.0000","81102","PM10 Total 0-10um STP","38540","Pocatello, ID","16","Idaho","005","Bannock","42.876725","-112.460347"
"03/24/2020","AQS","160050015","3","9","ug/m3 SC","8","Pocatello - Garrett and Gould","1","100.0000","81102","PM10 Total 0-10um STP","38540","Pocatello, ID","16","Idaho","005","Bannock","42.876725","-112.460347"
"03/25/2020","AQS","160050015","3","6","ug/m3 SC","6","Pocatello - Garrett and Gould","1","100.0000","81102","PM10 Total 0-10um STP","38540","Pocatello, ID","16","Idaho","005","Bannock","42.876725","-112.460347"
"03/26/2020","AQS","160050015","3","6","ug/m3 SC","6","Pocatello - Garrett and Gould","1","100.0000","81102","PM10 Total 0-10um STP","38540","Pocatello, ID","16","Idaho","005","Bannock","42.876725","-112.460347"
"03/27/2020","AQS","160050015","3","13","ug/m3 SC","12","Pocatello - Garrett and Gould","1","100.0000","81102","PM10 Total 0-10um STP","38540","Pocatello, ID","16","Idaho","005","Bannock","42.876725","-112.460347"
"03/28/2020","AQS","160050015","3","10","ug/m3 SC","9","Pocatello - Garrett and Gould","1","100.0000","81102","PM10 Total 0-10um STP","38540","Pocatello, ID","16","Idaho","005","Bannock","42.876725","-112.460347"
"03/29/2020","AQS","160050015","3","8","ug/m3 SC","7","Pocatello - Garrett and Gould","1","100.0000","81102","PM10 Total 0-10um STP","38540","Pocatello, ID","16","Idaho","005","Bannock","42.876725","-112.460347"
"03/30/2020","AQS","160050015","3","5","ug/m3 SC","5","Pocatello - Garrett and Gould","1","100.0000","81102","PM10 Total 0-10um STP","38540","Pocatello, ID","16","Idaho","005","Bannock","42.876725","-112.460347"
"03/31/2020","AQS","160050015","3","2","ug/m3 SC","2","Pocatello - Garrett and Gould","1","100.0000","81102","PM10 Total 0-10um STP","38540","Pocatello, ID","16","Idaho","005","Bannock","42.876725","-112.460347"
"01/03/2020","AQS","160170003","3","7","ug/m3 SC","6","Sandpoint","1","100.0000","81102","PM10 Total 0-10um STP","41760","Sandpoint, ID","16","Idaho","017","Bonner","48.292141","-116.556656"
"01/04/2020","AQS","160170003","3","7","ug/m3 SC","6","Sandpoint","1","100.0000","81102","PM10 Total 0-10um STP","41760","Sandpoint, ID","16","Idaho","017","Bonner","48.292141","-116.556656"
"01/05/2020","AQS","160170003","3","5","ug/m3 SC","5","Sandpoint","1","100.0000","81102","PM10 Total 0-10um STP","41760","Sandpoint, ID","16","Idaho","017","Bonner","48.292141","-116.556656"
"01/06/2020","AQS","160170003","3","5","ug/m3 SC","5","Sandpoint","1","100.0000","81102","PM10 Total 0-10um STP","41760","Sandpoint, ID","16","Idaho","017","Bonner","48.292141","-116.556656"
"01/07/2020","AQS","160170003","3","5","ug/m3 SC","5","Sandpoint","1","100.0000","81102","PM10 Total 0-10um STP","41760","Sandpoint, ID","16","Idaho","017","Bonner","48.292141","-116.556656"
"01/08/2020","AQS","160170003","3","4","ug/m3 SC","4","Sandpoint","1","100.0000","81102","PM10 Total 0-10um STP","41760","Sandpoint, ID","16","Idaho","017","Bonner","48.292141","-116.556656"
"01/09/2020","AQS","160170003","3","9","ug/m3 SC","8","Sandpoint","1","100.0000","81102","PM10 Total 0-10um STP","41760","Sandpoint, ID","16","Idaho","017","Bonner","48.292141","-116.556656"
"01/10/2020","AQS","160170003","3","5","ug/m3 SC","5","Sandpoint","1","100.0000","81102","PM10 Total 0-10um STP","41760","Sandpoint, ID","16","Idaho","017","Bonner","48.292141","-116.556656"
"01/11/2020","AQS","160170003","3","5","ug/m3 SC","5","Sandpoint","1","100.0000","81102","PM10 Total 0-10um STP","41760","Sandpoint, ID","16","Idaho","017","Bonner","48.292141","-116.556656"
"01/12/2020","AQS","160170003","3","3","ug/m3 SC","3","Sandpoint","1","100.0000","81102","PM10 Total 0-10um STP","41760","Sandpoint, ID","16","Idaho","017","Bonner","48.292141","-116.556656"
"01/13/2020","AQS","160170003","3","3","ug/m3 SC","3","Sandpoint","1","100.0000","81102","PM10 Total 0-10um STP","41760","Sandpoint, ID","16","Idaho","017","Bonner","48.292141","-116.556656"
"01/14/2020","AQS","160170003","3","4","ug/m3 SC","4","Sandpoint","1","100.0000","81102","PM10 Total 0-10um STP","41760","Sandpoint, ID","16","Idaho","017","Bonner","48.292141","-116.556656"
"01/15/2020","AQS","160170003","3","4","ug/m3 SC","4","Sandpoint","1","100.0000","81102","PM10 Total 0-10um STP","41760","Sandpoint, ID","16","Idaho","017","Bonner","48.292141","-116.556656"
"01/16/2020","AQS","160170003","3","4","ug/m3 SC","4","Sandpoint","1","100.0000","81102","PM10 Total 0-10um STP","41760","Sandpoint, ID","16","Idaho","017","Bonner","48.292141","-116.556656"
"01/17/2020","AQS","160170003","3","5","ug/m3 SC","5","Sandpoint","1","100.0000","81102","PM10 Total 0-10um STP","41760","Sandpoint, ID","16","Idaho","017","Bonner","48.292141","-116.556656"
"01/18/2020","AQS","160170003","3","5","ug/m3 SC","5","Sandpoint","1","100.0000","81102","PM10 Total 0-10um STP","41760","Sandpoint, ID","16","Idaho","017","Bonner","48.292141","-116.556656"
"01/19/2020","AQS","160170003","3","5","ug/m3 SC","5","Sandpoint","1","100.0000","81102","PM10 Total 0-10um STP","41760","Sandpoint, ID","16","Idaho","017","Bonner","48.292141","-116.556656"
"01/20/2020","AQS","160170003","3","7","ug/m3 SC","6","Sandpoint","1","100.0000","81102","PM10 Total 0-10um STP","41760","Sandpoint, ID","16","Idaho","017","Bonner","48.292141","-116.556656"
"01/21/2020","AQS","160170003","3","6","ug/m3 SC","6","Sandpoint","1","100.0000","81102","PM10 Total 0-10um STP","41760","Sandpoint, ID","16","Idaho","017","Bonner","48.292141","-116.556656"
"01/22/2020","AQS","160170003","3","7","ug/m3 SC","6","Sandpoint","1","100.0000","81102","PM10 Total 0-10um STP","41760","Sandpoint, ID","16","Idaho","017","Bonner","48.292141","-116.556656"
"01/23/2020","AQS","160170003","3","8","ug/m3 SC","7","Sandpoint","1","100.0000","81102","PM10 Total 0-10um STP","41760","Sandpoint, ID","16","Idaho","017","Bonner","48.292141","-116.556656"
"01/24/2020","AQS","160170003","3","5","ug/m3 SC","5","Sandpoint","1","100.0000","81102","PM10 Total 0-10um STP","41760","Sandpoint, ID","16","Idaho","017","Bonner","48.292141","-116.556656"
"01/25/2020","AQS","160170003","3","7","ug/m3 SC","6","Sandpoint","1","100.0000","81102","PM10 Total 0-10um STP","41760","Sandpoint, ID","16","Idaho","017","Bonner","48.292141","-116.556656"
"01/26/2020","AQS","160170003","3","5","ug/m3 SC","5","Sandpoint","1","100.0000","81102","PM10 Total 0-10um STP","41760","Sandpoint, ID","16","Idaho","017","Bonner","48.292141","-116.556656"
"01/27/2020","AQS","160170003","3","5","ug/m3 SC","5","Sandpoint","1","100.0000","81102","PM10 Total 0-10um STP","41760","Sandpoint, ID","16","Idaho","017","Bonner","48.292141","-116.556656"
"01/28/2020","AQS","160170003","3","6","ug/m3 SC","6","Sandpoint","1","100.0000","81102","PM10 Total 0-10um STP","41760","Sandpoint, ID","16","Idaho","017","Bonner","48.292141","-116.556656"
"01/29/2020","AQS","160170003","3","7","ug/m3 SC","6","Sandpoint","1","100.0000","81102","PM10 Total 0-10um STP","41760","Sandpoint, ID","16","Idaho","017","Bonner","48.292141","-116.556656"
"01/30/2020","AQS","160170003","3","7","ug/m3 SC","6","Sandpoint","1","100.0000","81102","PM10 Total 0-10um STP","41760","Sandpoint, ID","16","Idaho","017","Bonner","48.292141","-116.556656"
"01/31/2020","AQS","160170003","3","4","ug/m3 SC","4","Sandpoint","1","100.0000","81102","PM10 Total 0-10um STP","41760","Sandpoint, ID","16","Idaho","017","Bonner","48.292141","-116.556656"
"02/01/2020","AQS","160170003","3","4","ug/m3 SC","4","Sandpoint","1","100.0000","81102","PM10 Total 0-10um STP","41760","Sandpoint, ID","16","Idaho","017","Bonner","48.292141","-116.556656"
"02/02/2020","AQS","160170003","3","22","ug/m3 SC","20","Sandpoint","1","100.0000","81102","PM10 Total 0-10um STP","41760","Sandpoint, ID","16","Idaho","017","Bonner","48.292141","-116.556656"
"02/03/2020","AQS","160170003","3","31","ug/m3 SC","29","Sandpoint","1","100.0000","81102","PM10 Total 0-10um STP","41760","Sandpoint, ID","16","Idaho","017","Bonner","48.292141","-116.556656"
"02/04/2020","AQS","160170003","3","20","ug/m3 SC","19","Sandpoint","1","100.0000","81102","PM10 Total 0-10um STP","41760","Sandpoint, ID","16","Idaho","017","Bonner","48.292141","-116.556656"
"02/05/2020","AQS","160170003","3","4","ug/m3 SC","4","Sandpoint","1","100.0000","81102","PM10 Total 0-10um STP","41760","Sandpoint, ID","16","Idaho","017","Bonner","48.292141","-116.556656"
"02/06/2020","AQS","160170003","3","8","ug/m3 SC","7","Sandpoint","1","100.0000","81102","PM10 Total 0-10um STP","41760","Sandpoint, ID","16","Idaho","017","Bonner","48.292141","-116.556656"
"02/07/2020","AQS","160170003","3","14","ug/m3 SC","13","Sandpoint","1","100.0000","81102","PM10 Total 0-10um STP","41760","Sandpoint, ID","16","Idaho","017","Bonner","48.292141","-116.556656"
"02/08/2020","AQS","160170003","3","3","ug/m3 SC","3","Sandpoint","1","100.0000","81102","PM10 Total 0-10um STP","41760","Sandpoint, ID","16","Idaho","017","Bonner","48.292141","-116.556656"
"02/09/2020","AQS","160170003","3","8","ug/m3 SC","7","Sandpoint","1","100.0000","81102","PM10 Total 0-10um STP","41760","Sandpoint, ID","16","Idaho","017","Bonner","48.292141","-116.556656"
"02/10/2020","AQS","160170003","3","23","ug/m3 SC","21","Sandpoint","1","100.0000","81102","PM10 Total 0-10um STP","41760","Sandpoint, ID","16","Idaho","017","Bonner","48.292141","-116.556656"
"02/11/2020","AQS","160170003","3","23","ug/m3 SC","21","Sandpoint","1","100.0000","81102","PM10 Total 0-10um STP","41760","Sandpoint, ID","16","Idaho","017","Bonner","48.292141","-116.556656"
"02/12/2020","AQS","160170003","3","25","ug/m3 SC","23","Sandpoint","1","100.0000","81102","PM10 Total 0-10um STP","41760","Sandpoint, ID","16","Idaho","017","Bonner","48.292141","-116.556656"
"02/13/2020","AQS","160170003","3","31","ug/m3 SC","29","Sandpoint","1","100.0000","81102","PM10 Total 0-10um STP","41760","Sandpoint, ID","16","Idaho","017","Bonner","48.292141","-116.556656"
"02/14/2020","AQS","160170003","3","8","ug/m3 SC","7","Sandpoint","1","100.0000","81102","PM10 Total 0-10um STP","41760","Sandpoint, ID","16","Idaho","017","Bonner","48.292141","-116.556656"
"02/15/2020","AQS","160170003","3","6","ug/m3 SC","6","Sandpoint","1","100.0000","81102","PM10 Total 0-10um STP","41760","Sandpoint, ID","16","Idaho","017","Bonner","48.292141","-116.556656"
"02/16/2020","AQS","160170003","3","4","ug/m3 SC","4","Sandpoint","1","100.0000","81102","PM10 Total 0-10um STP","41760","Sandpoint, ID","16","Idaho","017","Bonner","48.292141","-116.556656"
"02/17/2020","AQS","160170003","3","12","ug/m3 SC","11","Sandpoint","1","100.0000","81102","PM10 Total 0-10um STP","41760","Sandpoint, ID","16","Idaho","017","Bonner","48.292141","-116.556656"
"02/18/2020","AQS","160170003","3","15","ug/m3 SC","14","Sandpoint","1","100.0000","81102","PM10 Total 0-10um STP","41760","Sandpoint, ID","16","Idaho","017","Bonner","48.292141","-116.556656"
"02/19/2020","AQS","160170003","3","16","ug/m3 SC","15","Sandpoint","1","100.0000","81102","PM10 Total 0-10um STP","41760","Sandpoint, ID","16","Idaho","017","Bonner","48.292141","-116.556656"
"02/20/2020","AQS","160170003","3","27","ug/m3 SC","25","Sandpoint","1","100.0000","81102","PM10 Total 0-10um STP","41760","Sandpoint, ID","16","Idaho","017","Bonner","48.292141","-116.556656"
"02/21/2020","AQS","160170003","3","32","ug/m3 SC","30","Sandpoint","1","100.0000","81102","PM10 Total 0-10um STP","41760","Sandpoint, ID","16","Idaho","017","Bonner","48.292141","-116.556656"
"02/22/2020","AQS","160170003","3","24","ug/m3 SC","22","Sandpoint","1","100.0000","81102","PM10 Total 0-10um STP","41760","Sandpoint, ID","16","Idaho","017","Bonner","48.292141","-116.556656"
"02/23/2020","AQS","160170003","3","10","ug/m3 SC","9","Sandpoint","1","100.0000","81102","PM10 Total 0-10um STP","41760","Sandpoint, ID","16","Idaho","017","Bonner","48.292141","-116.556656"
"02/24/2020","AQS","160170003","3","17","ug/m3 SC","16","Sandpoint","1","100.0000","81102","PM10 Total 0-10um STP","41760","Sandpoint, ID","16","Idaho","017","Bonner","48.292141","-116.556656"
"02/25/2020","AQS","160170003","3","18","ug/m3 SC","17","Sandpoint","1","100.0000","81102","PM10 Total 0-10um STP","41760","Sandpoint, ID","16","Idaho","017","Bonner","48.292141","-116.556656"
"02/26/2020","AQS","160170003","3","28","ug/m3 SC","26","Sandpoint","1","100.0000","81102","PM10 Total 0-10um STP","41760","Sandpoint, ID","16","Idaho","017","Bonner","48.292141","-116.556656"
"02/27/2020","AQS","160170003","3","26","ug/m3 SC","24","Sandpoint","1","100.0000","81102","PM10 Total 0-10um STP","41760","Sandpoint, ID","16","Idaho","017","Bonner","48.292141","-116.556656"
"02/28/2020","AQS","160170003","3","38","ug/m3 SC","35","Sandpoint","1","100.0000","81102","PM10 Total 0-10um STP","41760","Sandpoint, ID","16","Idaho","017","Bonner","48.292141","-116.556656"
"02/29/2020","AQS","160170003","3","10","ug/m3 SC","9","Sandpoint","1","100.0000","81102","PM10 Total 0-10um STP","41760","Sandpoint, ID","16","Idaho","017","Bonner","48.292141","-116.556656"
"03/01/2020","AQS","160170003","3","8","ug/m3 SC","7","Sandpoint","1","100.0000","81102","PM10 Total 0-10um STP","41760","Sandpoint, ID","16","Idaho","017","Bonner","48.292141","-116.556656"
"03/02/2020","AQS","160170003","3","22","ug/m3 SC","20","Sandpoint","1","100.0000","81102","PM10 Total 0-10um STP","41760","Sandpoint, ID","16","Idaho","017","Bonner","48.292141","-116.556656"
"03/03/2020","AQS","160170003","3","31","ug/m3 SC","29","Sandpoint","1","100.0000","81102","PM10 Total 0-10um STP","41760","Sandpoint, ID","16","Idaho","017","Bonner","48.292141","-116.556656"
"03/04/2020","AQS","160170003","3","36","ug/m3 SC","33","Sandpoint","1","100.0000","81102","PM10 Total 0-10um STP","41760","Sandpoint, ID","16","Idaho","017","Bonner","48.292141","-116.556656"
"03/05/2020","AQS","160170003","3","25","ug/m3 SC","23","Sandpoint","1","100.0000","81102","PM10 Total 0-10um STP","41760","Sandpoint, ID","16","Idaho","017","Bonner","48.292141","-116.556656"
"03/06/2020","AQS","160170003","3","39","ug/m3 SC","36","Sandpoint","1","100.0000","81102","PM10 Total 0-10um STP","41760","Sandpoint, ID","16","Idaho","017","Bonner","48.292141","-116.556656"
"03/07/2020","AQS","160170003","3","6","ug/m3 SC","6","Sandpoint","1","100.0000","81102","PM10 Total 0-10um STP","41760","Sandpoint, ID","16","Idaho","017","Bonner","48.292141","-116.556656"
"03/08/2020","AQS","160170003","3","7","ug/m3 SC","6","Sandpoint","1","100.0000","81102","PM10 Total 0-10um STP","41760","Sandpoint, ID","16","Idaho","017","Bonner","48.292141","-116.556656"
"03/09/2020","AQS","160170003","3","9","ug/m3 SC","8","Sandpoint","1","100.0000","81102","PM10 Total 0-10um STP","41760","Sandpoint, ID","16","Idaho","017","Bonner","48.292141","-116.556656"
"03/10/2020","AQS","160170003","3","15","ug/m3 SC","14","Sandpoint","1","100.0000","81102","PM10 Total 0-10um STP","41760","Sandpoint, ID","16","Idaho","017","Bonner","48.292141","-116.556656"
"03/11/2020","AQS","160170003","3","19","ug/m3 SC","18","Sandpoint","1","100.0000","81102","PM10 Total 0-10um STP","41760","Sandpoint, ID","16","Idaho","017","Bonner","48.292141","-116.556656"
"03/12/2020","AQS","160170003","3","13","ug/m3 SC","12","Sandpoint","1","100.0000","81102","PM10 Total 0-10um STP","41760","Sandpoint, ID","16","Idaho","017","Bonner","48.292141","-116.556656"
"03/13/2020","AQS","160170003","3","14","ug/m3 SC","13","Sandpoint","1","100.0000","81102","PM10 Total 0-10um STP","41760","Sandpoint, ID","16","Idaho","017","Bonner","48.292141","-116.556656"
"03/14/2020","AQS","160170003","3","8","ug/m3 SC","7","Sandpoint","1","100.0000","81102","PM10 Total 0-10um STP","41760","Sandpoint, ID","16","Idaho","017","Bonner","48.292141","-116.556656"
"03/15/2020","AQS","160170003","3","6","ug/m3 SC","6","Sandpoint","1","100.0000","81102","PM10 Total 0-10um STP","41760","Sandpoint, ID","16","Idaho","017","Bonner","48.292141","-116.556656"
"03/16/2020","AQS","160170003","3","8","ug/m3 SC","7","Sandpoint","1","100.0000","81102","PM10 Total 0-10um STP","41760","Sandpoint, ID","16","Idaho","017","Bonner","48.292141","-116.556656"
"03/17/2020","AQS","160170003","3","11","ug/m3 SC","10","Sandpoint","1","100.0000","81102","PM10 Total 0-10um STP","41760","Sandpoint, ID","16","Idaho","017","Bonner","48.292141","-116.556656"
"03/18/2020","AQS","160170003","3","14","ug/m3 SC","13","Sandpoint","1","100.0000","81102","PM10 Total 0-10um STP","41760","Sandpoint, ID","16","Idaho","017","Bonner","48.292141","-116.556656"
"03/19/2020","AQS","160170003","3","15","ug/m3 SC","14","Sandpoint","1","100.0000","81102","PM10 Total 0-10um STP","41760","Sandpoint, ID","16","Idaho","017","Bonner","48.292141","-116.556656"
"03/20/2020","AQS","160170003","3","22","ug/m3 SC","20","Sandpoint","1","100.0000","81102","PM10 Total 0-10um STP","41760","Sandpoint, ID","16","Idaho","017","Bonner","48.292141","-116.556656"
"03/21/2020","AQS","160170003","3","15","ug/m3 SC","14","Sandpoint","1","100.0000","81102","PM10 Total 0-10um STP","41760","Sandpoint, ID","16","Idaho","017","Bonner","48.292141","-116.556656"
"03/22/2020","AQS","160170003","3","15","ug/m3 SC","14","Sandpoint","1","100.0000","81102","PM10 Total 0-10um STP","41760","Sandpoint, ID","16","Idaho","017","Bonner","48.292141","-116.556656"
"03/23/2020","AQS","160170003","3","30","ug/m3 SC","28","Sandpoint","1","100.0000","81102","PM10 Total 0-10um STP","41760","Sandpoint, ID","16","Idaho","017","Bonner","48.292141","-116.556656"
"03/24/2020","AQS","160170003","3","8","ug/m3 SC","7","Sandpoint","1","100.0000","81102","PM10 Total 0-10um STP","41760","Sandpoint, ID","16","Idaho","017","Bonner","48.292141","-116.556656"
"03/25/2020","AQS","160170003","3","7","ug/m3 SC","6","Sandpoint","1","100.0000","81102","PM10 Total 0-10um STP","41760","Sandpoint, ID","16","Idaho","017","Bonner","48.292141","-116.556656"
"03/26/2020","AQS","160170003","3","11","ug/m3 SC","10","Sandpoint","1","100.0000","81102","PM10 Total 0-10um STP","41760","Sandpoint, ID","16","Idaho","017","Bonner","48.292141","-116.556656"
"03/27/2020","AQS","160170003","3","15","ug/m3 SC","14","Sandpoint","1","100.0000","81102","PM10 Total 0-10um STP","41760","Sandpoint, ID","16","Idaho","017","Bonner","48.292141","-116.556656"
"03/28/2020","AQS","160170003","3","13","ug/m3 SC","12","Sandpoint","1","100.0000","81102","PM10 Total 0-10um STP","41760","Sandpoint, ID","16","Idaho","017","Bonner","48.292141","-116.556656"
"03/29/2020","AQS","160170003","3","5","ug/m3 SC","5","Sandpoint","1","100.0000","81102","PM10 Total 0-10um STP","41760","Sandpoint, ID","16","Idaho","017","Bonner","48.292141","-116.556656"
"03/30/2020","AQS","160170003","3","9","ug/m3 SC","8","Sandpoint","1","100.0000","81102","PM10 Total 0-10um STP","41760","Sandpoint, ID","16","Idaho","017","Bonner","48.292141","-116.556656"
"03/31/2020","AQS","160170003","3","5","ug/m3 SC","5","Sandpoint","1","100.0000","81102","PM10 Total 0-10um STP","41760","Sandpoint, ID","16","Idaho","017","Bonner","48.292141","-116.556656"
"01/01/2020","AQS","160270002","2","3","ug/m3 SC","3","Nampa - Fire Station","1","100.0000","81102","PM10 Total 0-10um STP","14260","Boise City, ID","16","Idaho","027","Canyon","43.58031","-116.562676"
"01/02/2020","AQS","160270002","2","12","ug/m3 SC","11","Nampa - Fire Station","1","100.0000","81102","PM10 Total 0-10um STP","14260","Boise City, ID","16","Idaho","027","Canyon","43.58031","-116.562676"
"01/03/2020","AQS","160270002","2","14","ug/m3 SC","13","Nampa - Fire Station","1","100.0000","81102","PM10 Total 0-10um STP","14260","Boise City, ID","16","Idaho","027","Canyon","43.58031","-116.562676"
"01/04/2020","AQS","160270002","2","10","ug/m3 SC","9","Nampa - Fire Station","1","100.0000","81102","PM10 Total 0-10um STP","14260","Boise City, ID","16","Idaho","027","Canyon","43.58031","-116.562676"
"01/05/2020","AQS","160270002","2","3","ug/m3 SC","3","Nampa - Fire Station","1","100.0000","81102","PM10 Total 0-10um STP","14260","Boise City, ID","16","Idaho","027","Canyon","43.58031","-116.562676"
"01/06/2020","AQS","160270002","2","5","ug/m3 SC","5","Nampa - Fire Station","1","100.0000","81102","PM10 Total 0-10um STP","14260","Boise City, ID","16","Idaho","027","Canyon","43.58031","-116.562676"
"01/07/2020","AQS","160270002","2","10","ug/m3 SC","9","Nampa - Fire Station","1","100.0000","81102","PM10 Total 0-10um STP","14260","Boise City, ID","16","Idaho","027","Canyon","43.58031","-116.562676"
"01/08/2020","AQS","160270002","2","13","ug/m3 SC","12","Nampa - Fire Station","1","100.0000","81102","PM10 Total 0-10um STP","14260","Boise City, ID","16","Idaho","027","Canyon","43.58031","-116.562676"
"01/09/2020","AQS","160270002","2","7","ug/m3 SC","6","Nampa - Fire Station","1","100.0000","81102","PM10 Total 0-10um STP","14260","Boise City, ID","16","Idaho","027","Canyon","43.58031","-116.562676"
"01/10/2020","AQS","160270002","2","6","ug/m3 SC","6","Nampa - Fire Station","1","100.0000","81102","PM10 Total 0-10um STP","14260","Boise City, ID","16","Idaho","027","Canyon","43.58031","-116.562676"
"01/11/2020","AQS","160270002","2","3","ug/m3 SC","3","Nampa - Fire Station","1","100.0000","81102","PM10 Total 0-10um STP","14260","Boise City, ID","16","Idaho","027","Canyon","43.58031","-116.562676"
"01/12/2020","AQS","160270002","2","4","ug/m3 SC","4","Nampa - Fire Station","1","100.0000","81102","PM10 Total 0-10um STP","14260","Boise City, ID","16","Idaho","027","Canyon","43.58031","-116.562676"
"01/13/2020","AQS","160270002","2","5","ug/m3 SC","5","Nampa - Fire Station","1","100.0000","81102","PM10 Total 0-10um STP","14260","Boise City, ID","16","Idaho","027","Canyon","43.58031","-116.562676"
"01/14/2020","AQS","160270002","2","4","ug/m3 SC","4","Nampa - Fire Station","1","100.0000","81102","PM10 Total 0-10um STP","14260","Boise City, ID","16","Idaho","027","Canyon","43.58031","-116.562676"
"01/15/2020","AQS","160270002","2","9","ug/m3 SC","8","Nampa - Fire Station","1","100.0000","81102","PM10 Total 0-10um STP","14260","Boise City, ID","16","Idaho","027","Canyon","43.58031","-116.562676"
"01/16/2020","AQS","160270002","2","13","ug/m3 SC","12","Nampa - Fire Station","1","100.0000","81102","PM10 Total 0-10um STP","14260","Boise City, ID","16","Idaho","027","Canyon","43.58031","-116.562676"
"01/17/2020","AQS","160270002","2","12","ug/m3 SC","11","Nampa - Fire Station","1","100.0000","81102","PM10 Total 0-10um STP","14260","Boise City, ID","16","Idaho","027","Canyon","43.58031","-116.562676"
"01/18/2020","AQS","160270002","2","14","ug/m3 SC","13","Nampa - Fire Station","1","100.0000","81102","PM10 Total 0-10um STP","14260","Boise City, ID","16","Idaho","027","Canyon","43.58031","-116.562676"
"01/19/2020","AQS","160270002","2","7","ug/m3 SC","6","Nampa - Fire Station","1","100.0000","81102","PM10 Total 0-10um STP","14260","Boise City, ID","16","Idaho","027","Canyon","43.58031","-116.562676"
"01/20/2020","AQS","160270002","2","19","ug/m3 SC","18","Nampa - Fire Station","1","100.0000","81102","PM10 Total 0-10um STP","14260","Boise City, ID","16","Idaho","027","Canyon","43.58031","-116.562676"
"01/21/2020","AQS","160270002","2","24","ug/m3 SC","22","Nampa - Fire Station","1","100.0000","81102","PM10 Total 0-10um STP","14260","Boise City, ID","16","Idaho","027","Canyon","43.58031","-116.562676"
"01/22/2020","AQS","160270002","2","17","ug/m3 SC","16","Nampa - Fire Station","1","100.0000","81102","PM10 Total 0-10um STP","14260","Boise City, ID","16","Idaho","027","Canyon","43.58031","-116.562676"
"01/23/2020","AQS","160270002","2","21","ug/m3 SC","19","Nampa - Fire Station","1","100.0000","81102","PM10 Total 0-10um STP","14260","Boise City, ID","16","Idaho","027","Canyon","43.58031","-116.562676"
"01/24/2020","AQS","160270002","2","7","ug/m3 SC","6","Nampa - Fire Station","1","100.0000","81102","PM10 Total 0-10um STP","14260","Boise City, ID","16","Idaho","027","Canyon","43.58031","-116.562676"
"01/25/2020","AQS","160270002","2","8","ug/m3 SC","7","Nampa - Fire Station","1","100.0000","81102","PM10 Total 0-10um STP","14260","Boise City, ID","16","Idaho","027","Canyon","43.58031","-116.562676"
"01/26/2020","AQS","160270002","2","4","ug/m3 SC","4","Nampa - Fire Station","1","100.0000","81102","PM10 Total 0-10um STP","14260","Boise City, ID","16","Idaho","027","Canyon","43.58031","-116.562676"
"01/27/2020","AQS","160270002","2","11","ug/m3 SC","10","Nampa - Fire Station","1","100.0000","81102","PM10 Total 0-10um STP","14260","Boise City, ID","16","Idaho","027","Canyon","43.58031","-116.562676"
"01/28/2020","AQS","160270002","2","4","ug/m3 SC","4","Nampa - Fire Station","1","100.0000","81102","PM10 Total 0-10um STP","14260","Boise City, ID","16","Idaho","027","Canyon","43.58031","-116.562676"
"01/29/2020","AQS","160270002","2","13","ug/m3 SC","12","Nampa - Fire Station","1","100.0000","81102","PM10 Total 0-10um STP","14260","Boise City, ID","16","Idaho","027","Canyon","43.58031","-116.562676"
"01/30/2020","AQS","160270002","2","15","ug/m3 SC","14","Nampa - Fire Station","1","100.0000","81102","PM10 Total 0-10um STP","14260","Boise City, ID","16","Idaho","027","Canyon","43.58031","-116.562676"
"01/31/2020","AQS","160270002","2","10","ug/m3 SC","9","Nampa - Fire Station","1","100.0000","81102","PM10 Total 0-10um STP","14260","Boise City, ID","16","Idaho","027","Canyon","43.58031","-116.562676"
"02/01/2020","AQS","160270002","2","7","ug/m3 SC","6","Nampa - Fire Station","1","100.0000","81102","PM10 Total 0-10um STP","14260","Boise City, ID","16","Idaho","027","Canyon","43.58031","-116.562676"
"02/02/2020","AQS","160270002","2","4","ug/m3 SC","4","Nampa - Fire Station","1","100.0000","81102","PM10 Total 0-10um STP","14260","Boise City, ID","16","Idaho","027","Canyon","43.58031","-116.562676"
"02/03/2020","AQS","160270002","2","12","ug/m3 SC","11","Nampa - Fire Station","1","100.0000","81102","PM10 Total 0-10um STP","14260","Boise City, ID","16","Idaho","027","Canyon","43.58031","-116.562676"
"02/04/2020","AQS","160270002","2","10","ug/m3 SC","9","Nampa - Fire Station","1","100.0000","81102","PM10 Total 0-10um STP","14260","Boise City, ID","16","Idaho","027","Canyon","43.58031","-116.562676"
"02/05/2020","AQS","160270002","2","6","ug/m3 SC","6","Nampa - Fire Station","1","100.0000","81102","PM10 Total 0-10um STP","14260","Boise City, ID","16","Idaho","027","Canyon","43.58031","-116.562676"
"02/06/2020","AQS","160270002","2","16","ug/m3 SC","15","Nampa - Fire Station","1","100.0000","81102","PM10 Total 0-10um STP","14260","Boise City, ID","16","Idaho","027","Canyon","43.58031","-116.562676"
"02/07/2020","AQS","160270002","2","8","ug/m3 SC","7","Nampa - Fire Station","1","100.0000","81102","PM10 Total 0-10um STP","14260","Boise City, ID","16","Idaho","027","Canyon","43.58031","-116.562676"
"02/08/2020","AQS","160270002","2","6","ug/m3 SC","6","Nampa - Fire Station","1","100.0000","81102","PM10 Total 0-10um STP","14260","Boise City, ID","16","Idaho","027","Canyon","43.58031","-116.562676"
"02/09/2020","AQS","160270002","2","6","ug/m3 SC","6","Nampa - Fire Station","1","100.0000","81102","PM10 Total 0-10um STP","14260","Boise City, ID","16","Idaho","027","Canyon","43.58031","-116.562676"
"02/10/2020","AQS","160270002","2","13","ug/m3 SC","12","Nampa - Fire Station","1","100.0000","81102","PM10 Total 0-10um STP","14260","Boise City, ID","16","Idaho","027","Canyon","43.58031","-116.562676"
"02/11/2020","AQS","160270002","2","22","ug/m3 SC","20","Nampa - Fire Station","1","100.0000","81102","PM10 Total 0-10um STP","14260","Boise City, ID","16","Idaho","027","Canyon","43.58031","-116.562676"
"02/12/2020","AQS","160270002","2","18","ug/m3 SC","17","Nampa - Fire Station","1","100.0000","81102","PM10 Total 0-10um STP","14260","Boise City, ID","16","Idaho","027","Canyon","43.58031","-116.562676"
"02/13/2020","AQS","160270002","2","14","ug/m3 SC","13","Nampa - Fire Station","1","100.0000","81102","PM10 Total 0-10um STP","14260","Boise City, ID","16","Idaho","027","Canyon","43.58031","-116.562676"
"02/14/2020","AQS","160270002","2","17","ug/m3 SC","16","Nampa - Fire Station","1","100.0000","81102","PM10 Total 0-10um STP","14260","Boise City, ID","16","Idaho","027","Canyon","43.58031","-116.562676"
"02/15/2020","AQS","160270002","2","9","ug/m3 SC","8","Nampa - Fire Station","1","100.0000","81102","PM10 Total 0-10um STP","14260","Boise City, ID","16","Idaho","027","Canyon","43.58031","-116.562676"
"02/16/2020","AQS","160270002","2","4","ug/m3 SC","4","Nampa - Fire Station","1","100.0000","81102","PM10 Total 0-10um STP","14260","Boise City, ID","16","Idaho","027","Canyon","43.58031","-116.562676"
"02/17/2020","AQS","160270002","2","13","ug/m3 SC","12","Nampa - Fire Station","1","100.0000","81102","PM10 Total 0-10um STP","14260","Boise City, ID","16","Idaho","027","Canyon","43.58031","-116.562676"
"02/18/2020","AQS","160270002","2","18","ug/m3 SC","17","Nampa - Fire Station","1","100.0000","81102","PM10 Total 0-10um STP","14260","Boise City, ID","16","Idaho","027","Canyon","43.58031","-116.562676"
"02/19/2020","AQS","160270002","2","13","ug/m3 SC","12","Nampa - Fire Station","1","100.0000","81102","PM10 Total 0-10um STP","14260","Boise City, ID","16","Idaho","027","Canyon","43.58031","-116.562676"
"02/20/2020","AQS","160270002","2","11","ug/m3 SC","10","Nampa - Fire Station","1","100.0000","81102","PM10 Total 0-10um STP","14260","Boise City, ID","16","Idaho","027","Canyon","43.58031","-116.562676"
"02/21/2020","AQS","160270002","2","22","ug/m3 SC","20","Nampa - Fire Station","1","100.0000","81102","PM10 Total 0-10um STP","14260","Boise City, ID","16","Idaho","027","Canyon","43.58031","-116.562676"
"02/22/2020","AQS","160270002","2","25","ug/m3 SC","23","Nampa - Fire Station","1","100.0000","81102","PM10 Total 0-10um STP","14260","Boise City, ID","16","Idaho","027","Canyon","43.58031","-116.562676"
"02/23/2020","AQS","160270002","2","34","ug/m3 SC","31","Nampa - Fire Station","1","100.0000","81102","PM10 Total 0-10um STP","14260","Boise City, ID","16","Idaho","027","Canyon","43.58031","-116.562676"
"02/24/2020","AQS","160270002","2","10","ug/m3 SC","9","Nampa - Fire Station","1","100.0000","81102","PM10 Total 0-10um STP","14260","Boise City, ID","16","Idaho","027","Canyon","43.58031","-116.562676"
"02/25/2020","AQS","160270002","2","18","ug/m3 SC","17","Nampa - Fire Station","1","100.0000","81102","PM10 Total 0-10um STP","14260","Boise City, ID","16","Idaho","027","Canyon","43.58031","-116.562676"
"02/26/2020","AQS","160270002","2","21","ug/m3 SC","19","Nampa - Fire Station","1","100.0000","81102","PM10 Total 0-10um STP","14260","Boise City, ID","16","Idaho","027","Canyon","43.58031","-116.562676"
"02/27/2020","AQS","160270002","2","34","ug/m3 SC","31","Nampa - Fire Station","1","100.0000","81102","PM10 Total 0-10um STP","14260","Boise City, ID","16","Idaho","027","Canyon","43.58031","-116.562676"
"02/28/2020","AQS","160270002","2","24","ug/m3 SC","22","Nampa - Fire Station","1","100.0000","81102","PM10 Total 0-10um STP","14260","Boise City, ID","16","Idaho","027","Canyon","43.58031","-116.562676"
"02/29/2020","AQS","160270002","2","11","ug/m3 SC","10","Nampa - Fire Station","1","100.0000","81102","PM10 Total 0-10um STP","14260","Boise City, ID","16","Idaho","027","Canyon","43.58031","-116.562676"
"03/01/2020","AQS","160270002","2","12","ug/m3 SC","11","Nampa - Fire Station","1","100.0000","81102","PM10 Total 0-10um STP","14260","Boise City, ID","16","Idaho","027","Canyon","43.58031","-116.562676"
"03/02/2020","AQS","160270002","2","16","ug/m3 SC","15","Nampa - Fire Station","1","100.0000","81102","PM10 Total 0-10um STP","14260","Boise City, ID","16","Idaho","027","Canyon","43.58031","-116.562676"
"03/03/2020","AQS","160270002","2","26","ug/m3 SC","24","Nampa - Fire Station","1","100.0000","81102","PM10 Total 0-10um STP","14260","Boise City, ID","16","Idaho","027","Canyon","43.58031","-116.562676"
"03/04/2020","AQS","160270002","2","20","ug/m3 SC","19","Nampa - Fire Station","1","100.0000","81102","PM10 Total 0-10um STP","14260","Boise City, ID","16","Idaho","027","Canyon","43.58031","-116.562676"
"03/05/2020","AQS","160270002","2","24","ug/m3 SC","22","Nampa - Fire Station","1","100.0000","81102","PM10 Total 0-10um STP","14260","Boise City, ID","16","Idaho","027","Canyon","43.58031","-116.562676"
"03/06/2020","AQS","160270002","2","18","ug/m3 SC","17","Nampa - Fire Station","1","100.0000","81102","PM10 Total 0-10um STP","14260","Boise City, ID","16","Idaho","027","Canyon","43.58031","-116.562676"
"03/07/2020","AQS","160270002","2","15","ug/m3 SC","14","Nampa - Fire Station","1","100.0000","81102","PM10 Total 0-10um STP","14260","Boise City, ID","16","Idaho","027","Canyon","43.58031","-116.562676"
"03/08/2020","AQS","160270002","2","9","ug/m3 SC","8","Nampa - Fire Station","1","100.0000","81102","PM10 Total 0-10um STP","14260","Boise City, ID","16","Idaho","027","Canyon","43.58031","-116.562676"
"03/09/2020","AQS","160270002","2","8","ug/m3 SC","7","Nampa - Fire Station","1","100.0000","81102","PM10 Total 0-10um STP","14260","Boise City, ID","16","Idaho","027","Canyon","43.58031","-116.562676"
"03/10/2020","AQS","160270002","2","15","ug/m3 SC","14","Nampa - Fire Station","1","100.0000","81102","PM10 Total 0-10um STP","14260","Boise City, ID","16","Idaho","027","Canyon","43.58031","-116.562676"
"03/11/2020","AQS","160270002","2","17","ug/m3 SC","16","Nampa - Fire Station","1","100.0000","81102","PM10 Total 0-10um STP","14260","Boise City, ID","16","Idaho","027","Canyon","43.58031","-116.562676"
"03/12/2020","AQS","160270002","2","22","ug/m3 SC","20","Nampa - Fire Station","1","100.0000","81102","PM10 Total 0-10um STP","14260","Boise City, ID","16","Idaho","027","Canyon","43.58031","-116.562676"
"03/13/2020","AQS","160270002","2","32","ug/m3 SC","30","Nampa - Fire Station","1","100.0000","81102","PM10 Total 0-10um STP","14260","Boise City, ID","16","Idaho","027","Canyon","43.58031","-116.562676"
"03/14/2020","AQS","160270002","2","16","ug/m3 SC","15","Nampa - Fire Station","1","100.0000","81102","PM10 Total 0-10um STP","14260","Boise City, ID","16","Idaho","027","Canyon","43.58031","-116.562676"
"03/15/2020","AQS","160270002","2","8","ug/m3 SC","7","Nampa - Fire Station","1","100.0000","81102","PM10 Total 0-10um STP","14260","Boise City, ID","16","Idaho","027","Canyon","43.58031","-116.562676"
"03/16/2020","AQS","160270002","2","10","ug/m3 SC","9","Nampa - Fire Station","1","100.0000","81102","PM10 Total 0-10um STP","14260","Boise City, ID","16","Idaho","027","Canyon","43.58031","-116.562676"
"03/17/2020","AQS","160270002","2","7","ug/m3 SC","6","Nampa - Fire Station","1","100.0000","81102","PM10 Total 0-10um STP","14260","Boise City, ID","16","Idaho","027","Canyon","43.58031","-116.562676"
"03/18/2020","AQS","160270002","2","8","ug/m3 SC","7","Nampa - Fire Station","1","100.0000","81102","PM10 Total 0-10um STP","14260","Boise City, ID","16","Idaho","027","Canyon","43.58031","-116.562676"
"03/19/2020","AQS","160270002","2","17","ug/m3 SC","16","Nampa - Fire Station","1","100.0000","81102","PM10 Total 0-10um STP","14260","Boise City, ID","16","Idaho","027","Canyon","43.58031","-116.562676"
"03/20/2020","AQS","160270002","2","19","ug/m3 SC","18","Nampa - Fire Station","1","100.0000","81102","PM10 Total 0-10um STP","14260","Boise City, ID","16","Idaho","027","Canyon","43.58031","-116.562676"
"03/21/2020","AQS","160270002","2","27","ug/m3 SC","25","Nampa - Fire Station","1","100.0000","81102","PM10 Total 0-10um STP","14260","Boise City, ID","16","Idaho","027","Canyon","43.58031","-116.562676"
"03/22/2020","AQS","160270002","2","16","ug/m3 SC","15","Nampa - Fire Station","1","100.0000","81102","PM10 Total 0-10um STP","14260","Boise City, ID","16","Idaho","027","Canyon","43.58031","-116.562676"
"03/23/2020","AQS","160270002","2","17","ug/m3 SC","16","Nampa - Fire Station","1","100.0000","81102","PM10 Total 0-10um STP","14260","Boise City, ID","16","Idaho","027","Canyon","43.58031","-116.562676"
"03/24/2020","AQS","160270002","2","8","ug/m3 SC","7","Nampa - Fire Station","1","100.0000","81102","PM10 Total 0-10um STP","14260","Boise City, ID","16","Idaho","027","Canyon","43.58031","-116.562676"
"03/25/2020","AQS","160270002","2","6","ug/m3 SC","6","Nampa - Fire Station","1","100.0000","81102","PM10 Total 0-10um STP","14260","Boise City, ID","16","Idaho","027","Canyon","43.58031","-116.562676"
"03/26/2020","AQS","160270002","2","13","ug/m3 SC","12","Nampa - Fire Station","1","100.0000","81102","PM10 Total 0-10um STP","14260","Boise City, ID","16","Idaho","027","Canyon","43.58031","-116.562676"
"03/27/2020","AQS","160270002","2","16","ug/m3 SC","15","Nampa - Fire Station","1","100.0000","81102","PM10 Total 0-10um STP","14260","Boise City, ID","16","Idaho","027","Canyon","43.58031","-116.562676"
"03/28/2020","AQS","160270002","2","12","ug/m3 SC","11","Nampa - Fire Station","1","100.0000","81102","PM10 Total 0-10um STP","14260","Boise City, ID","16","Idaho","027","Canyon","43.58031","-116.562676"
"03/29/2020","AQS","160270002","2","5","ug/m3 SC","5","Nampa - Fire Station","1","100.0000","81102","PM10 Total 0-10um STP","14260","Boise City, ID","16","Idaho","027","Canyon","43.58031","-116.562676"
"03/30/2020","AQS","160270002","2","9","ug/m3 SC","8","Nampa - Fire Station","1","100.0000","81102","PM10 Total 0-10um STP","14260","Boise City, ID","16","Idaho","027","Canyon","43.58031","-116.562676"
"03/31/2020","AQS","160270002","2","2","ug/m3 SC","2","Nampa - Fire Station","1","100.0000","81102","PM10 Total 0-10um STP","14260","Boise City, ID","16","Idaho","027","Canyon","43.58031","-116.562676"
"01/01/2020","AQS","160790017","3","12","ug/m3 SC","11","Pinehurst","1","100.0000","81102","PM10 Total 0-10um STP","","","16","Idaho","079","Shoshone","47.536389","-116.236667"
"01/02/2020","AQS","160790017","3","12","ug/m3 SC","11","Pinehurst","1","100.0000","81102","PM10 Total 0-10um STP","","","16","Idaho","079","Shoshone","47.536389","-116.236667"
"01/03/2020","AQS","160790017","3","17","ug/m3 SC","16","Pinehurst","1","100.0000","81102","PM10 Total 0-10um STP","","","16","Idaho","079","Shoshone","47.536389","-116.236667"
"01/04/2020","AQS","160790017","3","8","ug/m3 SC","7","Pinehurst","1","100.0000","81102","PM10 Total 0-10um STP","","","16","Idaho","079","Shoshone","47.536389","-116.236667"
"01/05/2020","AQS","160790017","3","4","ug/m3 SC","4","Pinehurst","1","100.0000","81102","PM10 Total 0-10um STP","","","16","Idaho","079","Shoshone","47.536389","-116.236667"
"01/06/2020","AQS","160790017","3","11","ug/m3 SC","10","Pinehurst","1","100.0000","81102","PM10 Total 0-10um STP","","","16","Idaho","079","Shoshone","47.536389","-116.236667"
"01/07/2020","AQS","160790017","3","23","ug/m3 SC","21","Pinehurst","1","100.0000","81102","PM10 Total 0-10um STP","","","16","Idaho","079","Shoshone","47.536389","-116.236667"
"01/08/2020","AQS","160790017","3","10","ug/m3 SC","9","Pinehurst","1","100.0000","81102","PM10 Total 0-10um STP","","","16","Idaho","079","Shoshone","47.536389","-116.236667"
"01/09/2020","AQS","160790017","3","5","ug/m3 SC","5","Pinehurst","1","100.0000","81102","PM10 Total 0-10um STP","","","16","Idaho","079","Shoshone","47.536389","-116.236667"
"01/10/2020","AQS","160790017","3","6","ug/m3 SC","6","Pinehurst","1","100.0000","81102","PM10 Total 0-10um STP","","","16","Idaho","079","Shoshone","47.536389","-116.236667"
"01/11/2020","AQS","160790017","3","9","ug/m3 SC","8","Pinehurst","1","100.0000","81102","PM10 Total 0-10um STP","","","16","Idaho","079","Shoshone","47.536389","-116.236667"
"01/12/2020","AQS","160790017","3","7","ug/m3 SC","6","Pinehurst","1","100.0000","81102","PM10 Total 0-10um STP","","","16","Idaho","079","Shoshone","47.536389","-116.236667"
"01/13/2020","AQS","160790017","3","6","ug/m3 SC","6","Pinehurst","1","100.0000","81102","PM10 Total 0-10um STP","","","16","Idaho","079","Shoshone","47.536389","-116.236667"
"01/14/2020","AQS","160790017","3","5","ug/m3 SC","5","Pinehurst","1","100.0000","81102","PM10 Total 0-10um STP","","","16","Idaho","079","Shoshone","47.536389","-116.236667"
"01/15/2020","AQS","160790017","3","15","ug/m3 SC","14","Pinehurst","1","100.0000","81102","PM10 Total 0-10um STP","","","16","Idaho","079","Shoshone","47.536389","-116.236667"
"01/16/2020","AQS","160790017","3","13","ug/m3 SC","12","Pinehurst","1","100.0000","81102","PM10 Total 0-10um STP","","","16","Idaho","079","Shoshone","47.536389","-116.236667"
"01/17/2020","AQS","160790017","3","12","ug/m3 SC","11","Pinehurst","1","100.0000","81102","PM10 Total 0-10um STP","","","16","Idaho","079","Shoshone","47.536389","-116.236667"
"01/18/2020","AQS","160790017","3","14","ug/m3 SC","13","Pinehurst","1","100.0000","81102","PM10 Total 0-10um STP","","","16","Idaho","079","Shoshone","47.536389","-116.236667"
"01/19/2020","AQS","160790017","3","14","ug/m3 SC","13","Pinehurst","1","100.0000","81102","PM10 Total 0-10um STP","","","16","Idaho","079","Shoshone","47.536389","-116.236667"
"01/20/2020","AQS","160790017","3","13","ug/m3 SC","12","Pinehurst","1","100.0000","81102","PM10 Total 0-10um STP","","","16","Idaho","079","Shoshone","47.536389","-116.236667"
"01/21/2020","AQS","160790017","3","17","ug/m3 SC","16","Pinehurst","1","100.0000","81102","PM10 Total 0-10um STP","","","16","Idaho","079","Shoshone","47.536389","-116.236667"
"01/22/2020","AQS","160790017","3","26","ug/m3 SC","24","Pinehurst","1","100.0000","81102","PM10 Total 0-10um STP","","","16","Idaho","079","Shoshone","47.536389","-116.236667"
"01/23/2020","AQS","160790017","3","22","ug/m3 SC","20","Pinehurst","1","100.0000","81102","PM10 Total 0-10um STP","","","16","Idaho","079","Shoshone","47.536389","-116.236667"
"01/24/2020","AQS","160790017","3","29","ug/m3 SC","27","Pinehurst","1","100.0000","81102","PM10 Total 0-10um STP","","","16","Idaho","079","Shoshone","47.536389","-116.236667"
"01/25/2020","AQS","160790017","3","22","ug/m3 SC","20","Pinehurst","1","100.0000","81102","PM10 Total 0-10um STP","","","16","Idaho","079","Shoshone","47.536389","-116.236667"
"01/26/2020","AQS","160790017","3","15","ug/m3 SC","14","Pinehurst","1","100.0000","81102","PM10 Total 0-10um STP","","","16","Idaho","079","Shoshone","47.536389","-116.236667"
"01/27/2020","AQS","160790017","3","14","ug/m3 SC","13","Pinehurst","1","100.0000","81102","PM10 Total 0-10um STP","","","16","Idaho","079","Shoshone","47.536389","-116.236667"
"01/28/2020","AQS","160790017","3","16","ug/m3 SC","15","Pinehurst","1","100.0000","81102","PM10 Total 0-10um STP","","","16","Idaho","079","Shoshone","47.536389","-116.236667"
"01/29/2020","AQS","160790017","3","12","ug/m3 SC","11","Pinehurst","1","100.0000","81102","PM10 Total 0-10um STP","","","16","Idaho","079","Shoshone","47.536389","-116.236667"
"01/30/2020","AQS","160790017","3","11","ug/m3 SC","10","Pinehurst","1","100.0000","81102","PM10 Total 0-10um STP","","","16","Idaho","079","Shoshone","47.536389","-116.236667"
"01/31/2020","AQS","160790017","3","6","ug/m3 SC","6","Pinehurst","1","100.0000","81102","PM10 Total 0-10um STP","","","16","Idaho","079","Shoshone","47.536389","-116.236667"
"02/01/2020","AQS","160790017","3","3","ug/m3 SC","3","Pinehurst","1","100.0000","81102","PM10 Total 0-10um STP","","","16","Idaho","079","Shoshone","47.536389","-116.236667"
"02/02/2020","AQS","160790017","3","11","ug/m3 SC","10","Pinehurst","1","100.0000","81102","PM10 Total 0-10um STP","","","16","Idaho","079","Shoshone","47.536389","-116.236667"
"02/03/2020","AQS","160790017","3","19","ug/m3 SC","18","Pinehurst","1","100.0000","81102","PM10 Total 0-10um STP","","","16","Idaho","079","Shoshone","47.536389","-116.236667"
"02/04/2020","AQS","160790017","3","12","ug/m3 SC","11","Pinehurst","1","100.0000","81102","PM10 Total 0-10um STP","","","16","Idaho","079","Shoshone","47.536389","-116.236667"
"02/05/2020","AQS","160790017","3","8","ug/m3 SC","7","Pinehurst","1","100.0000","81102","PM10 Total 0-10um STP","","","16","Idaho","079","Shoshone","47.536389","-116.236667"
"02/06/2020","AQS","160790017","3","20","ug/m3 SC","19","Pinehurst","1","100.0000","81102","PM10 Total 0-10um STP","","","16","Idaho","079","Shoshone","47.536389","-116.236667"
"02/07/2020","AQS","160790017","3","20","ug/m3 SC","19","Pinehurst","1","100.0000","81102","PM10 Total 0-10um STP","","","16","Idaho","079","Shoshone","47.536389","-116.236667"
"02/08/2020","AQS","160790017","3","9","ug/m3 SC","8","Pinehurst","1","100.0000","81102","PM10 Total 0-10um STP","","","16","Idaho","079","Shoshone","47.536389","-116.236667"
"02/09/2020","AQS","160790017","3","7","ug/m3 SC","6","Pinehurst","1","100.0000","81102","PM10 Total 0-10um STP","","","16","Idaho","079","Shoshone","47.536389","-116.236667"
"02/10/2020","AQS","160790017","3","14","ug/m3 SC","13","Pinehurst","1","100.0000","81102","PM10 Total 0-10um STP","","","16","Idaho","079","Shoshone","47.536389","-116.236667"
"02/11/2020","AQS","160790017","3","27","ug/m3 SC","25","Pinehurst","1","100.0000","81102","PM10 Total 0-10um STP","","","16","Idaho","079","Shoshone","47.536389","-116.236667"
"02/12/2020","AQS","160790017","3","14","ug/m3 SC","13","Pinehurst","1","100.0000","81102","PM10 Total 0-10um STP","","","16","Idaho","079","Shoshone","47.536389","-116.236667"
"02/13/2020","AQS","160790017","3","12","ug/m3 SC","11","Pinehurst","1","100.0000","81102","PM10 Total 0-10um STP","","","16","Idaho","079","Shoshone","47.536389","-116.236667"
"02/14/2020","AQS","160790017","3","6","ug/m3 SC","6","Pinehurst","1","100.0000","81102","PM10 Total 0-10um STP","","","16","Idaho","079","Shoshone","47.536389","-116.236667"
"02/15/2020","AQS","160790017","3","7","ug/m3 SC","6","Pinehurst","1","100.0000","81102","PM10 Total 0-10um STP","","","16","Idaho","079","Shoshone","47.536389","-116.236667"
"02/16/2020","AQS","160790017","3","11","ug/m3 SC","10","Pinehurst","1","100.0000","81102","PM10 Total 0-10um STP","","","16","Idaho","079","Shoshone","47.536389","-116.236667"
"02/17/2020","AQS","160790017","3","11","ug/m3 SC","10","Pinehurst","1","100.0000","81102","PM10 Total 0-10um STP","","","16","Idaho","079","Shoshone","47.536389","-116.236667"
"02/18/2020","AQS","160790017","3","14","ug/m3 SC","13","Pinehurst","1","100.0000","81102","PM10 Total 0-10um STP","","","16","Idaho","079","Shoshone","47.536389","-116.236667"
"02/19/2020","AQS","160790017","3","12","ug/m3 SC","11","Pinehurst","1","100.0000","81102","PM10 Total 0-10um STP","","","16","Idaho","079","Shoshone","47.536389","-116.236667"
"02/20/2020","AQS","160790017","3","19","ug/m3 SC","18","Pinehurst","1","100.0000","81102","PM10 Total 0-10um STP","","","16","Idaho","079","Shoshone","47.536389","-116.236667"
"02/21/2020","AQS","160790017","3","19","ug/m3 SC","18","Pinehurst","1","100.0000","81102","PM10 Total 0-10um STP","","","16","Idaho","079","Shoshone","47.536389","-116.236667"
"02/22/2020","AQS","160790017","3","20","ug/m3 SC","19","Pinehurst","1","100.0000","81102","PM10 Total 0-10um STP","","","16","Idaho","079","Shoshone","47.536389","-116.236667"
"02/23/2020","AQS","160790017","3","22","ug/m3 SC","20","Pinehurst","1","100.0000","81102","PM10 Total 0-10um STP","","","16","Idaho","079","Shoshone","47.536389","-116.236667"
"02/24/2020","AQS","160790017","3","16","ug/m3 SC","15","Pinehurst","1","100.0000","81102","PM10 Total 0-10um STP","","","16","Idaho","079","Shoshone","47.536389","-116.236667"
"02/25/2020","AQS","160790017","3","18","ug/m3 SC","17","Pinehurst","1","100.0000","81102","PM10 Total 0-10um STP","","","16","Idaho","079","Shoshone","47.536389","-116.236667"
"02/26/2020","AQS","160790017","3","16","ug/m3 SC","15","Pinehurst","1","100.0000","81102","PM10 Total 0-10um STP","","","16","Idaho","079","Shoshone","47.536389","-116.236667"
"02/27/2020","AQS","160790017","3","15","ug/m3 SC","14","Pinehurst","1","100.0000","81102","PM10 Total 0-10um STP","","","16","Idaho","079","Shoshone","47.536389","-116.236667"
"02/28/2020","AQS","160790017","3","15","ug/m3 SC","14","Pinehurst","1","100.0000","81102","PM10 Total 0-10um STP","","","16","Idaho","079","Shoshone","47.536389","-116.236667"
"02/29/2020","AQS","160790017","3","8","ug/m3 SC","7","Pinehurst","1","100.0000","81102","PM10 Total 0-10um STP","","","16","Idaho","079","Shoshone","47.536389","-116.236667"
"03/01/2020","AQS","160790017","3","5","ug/m3 SC","5","Pinehurst","1","100.0000","81102","PM10 Total 0-10um STP","","","16","Idaho","079","Shoshone","47.536389","-116.236667"
"03/02/2020","AQS","160790017","3","10","ug/m3 SC","9","Pinehurst","1","100.0000","81102","PM10 Total 0-10um STP","","","16","Idaho","079","Shoshone","47.536389","-116.236667"
"03/03/2020","AQS","160790017","3","8","ug/m3 SC","7","Pinehurst","1","100.0000","81102","PM10 Total 0-10um STP","","","16","Idaho","079","Shoshone","47.536389","-116.236667"
"03/04/2020","AQS","160790017","3","8","ug/m3 SC","7","Pinehurst","1","100.0000","81102","PM10 Total 0-10um STP","","","16","Idaho","079","Shoshone","47.536389","-116.236667"
"03/05/2020","AQS","160790017","3","16","ug/m3 SC","15","Pinehurst","1","100.0000","81102","PM10 Total 0-10um STP","","","16","Idaho","079","Shoshone","47.536389","-116.236667"
"03/06/2020","AQS","160790017","3","20","ug/m3 SC","19","Pinehurst","1","100.0000","81102","PM10 Total 0-10um STP","","","16","Idaho","079","Shoshone","47.536389","-116.236667"
"03/07/2020","AQS","160790017","3","11","ug/m3 SC","10","Pinehurst","1","100.0000","81102","PM10 Total 0-10um STP","","","16","Idaho","079","Shoshone","47.536389","-116.236667"
"03/08/2020","AQS","160790017","3","7","ug/m3 SC","6","Pinehurst","1","100.0000","81102","PM10 Total 0-10um STP","","","16","Idaho","079","Shoshone","47.536389","-116.236667"
"03/09/2020","AQS","160790017","3","5","ug/m3 SC","5","Pinehurst","1","100.0000","81102","PM10 Total 0-10um STP","","","16","Idaho","079","Shoshone","47.536389","-116.236667"
"03/10/2020","AQS","160790017","3","12","ug/m3 SC","11","Pinehurst","1","100.0000","81102","PM10 Total 0-10um STP","","","16","Idaho","079","Shoshone","47.536389","-116.236667"
"03/11/2020","AQS","160790017","3","11","ug/m3 SC","10","Pinehurst","1","100.0000","81102","PM10 Total 0-10um STP","","","16","Idaho","079","Shoshone","47.536389","-116.236667"
"03/12/2020","AQS","160790017","3","18","ug/m3 SC","17","Pinehurst","1","100.0000","81102","PM10 Total 0-10um STP","","","16","Idaho","079","Shoshone","47.536389","-116.236667"
"03/13/2020","AQS","160790017","3","13","ug/m3 SC","12","Pinehurst","1","100.0000","81102","PM10 Total 0-10um STP","","","16","Idaho","079","Shoshone","47.536389","-116.236667"
"03/14/2020","AQS","160790017","3","8","ug/m3 SC","7","Pinehurst","1","100.0000","81102","PM10 Total 0-10um STP","","","16","Idaho","079","Shoshone","47.536389","-116.236667"
"03/15/2020","AQS","160790017","3","11","ug/m3 SC","10","Pinehurst","1","100.0000","81102","PM10 Total 0-10um STP","","","16","Idaho","079","Shoshone","47.536389","-116.236667"
"03/16/2020","AQS","160790017","3","16","ug/m3 SC","15","Pinehurst","1","100.0000","81102","PM10 Total 0-10um STP","","","16","Idaho","079","Shoshone","47.536389","-116.236667"
"03/17/2020","AQS","160790017","3","16","ug/m3 SC","15","Pinehurst","1","100.0000","81102","PM10 Total 0-10um STP","","","16","Idaho","079","Shoshone","47.536389","-116.236667"
"03/18/2020","AQS","160790017","3","15","ug/m3 SC","14","Pinehurst","1","100.0000","81102","PM10 Total 0-10um STP","","","16","Idaho","079","Shoshone","47.536389","-116.236667"
"03/19/2020","AQS","160790017","3","19","ug/m3 SC","18","Pinehurst","1","100.0000","81102","PM10 Total 0-10um STP","","","16","Idaho","079","Shoshone","47.536389","-116.236667"
"03/20/2020","AQS","160790017","3","17","ug/m3 SC","16","Pinehurst","1","100.0000","81102","PM10 Total 0-10um STP","","","16","Idaho","079","Shoshone","47.536389","-116.236667"
"03/21/2020","AQS","160790017","3","20","ug/m3 SC","19","Pinehurst","1","100.0000","81102","PM10 Total 0-10um STP","","","16","Idaho","079","Shoshone","47.536389","-116.236667"
"03/22/2020","AQS","160790017","3","24","ug/m3 SC","22","Pinehurst","1","100.0000","81102","PM10 Total 0-10um STP","","","16","Idaho","079","Shoshone","47.536389","-116.236667"
"03/23/2020","AQS","160790017","3","21","ug/m3 SC","19","Pinehurst","1","100.0000","81102","PM10 Total 0-10um STP","","","16","Idaho","079","Shoshone","47.536389","-116.236667"
"03/24/2020","AQS","160790017","3","10","ug/m3 SC","9","Pinehurst","1","100.0000","81102","PM10 Total 0-10um STP","","","16","Idaho","079","Shoshone","47.536389","-116.236667"
"03/25/2020","AQS","160790017","3","7","ug/m3 SC","6","Pinehurst","1","100.0000","81102","PM10 Total 0-10um STP","","","16","Idaho","079","Shoshone","47.536389","-116.236667"
"03/26/2020","AQS","160790017","3","11","ug/m3 SC","10","Pinehurst","1","100.0000","81102","PM10 Total 0-10um STP","","","16","Idaho","079","Shoshone","47.536389","-116.236667"
"03/27/2020","AQS","160790017","3","14","ug/m3 SC","13","Pinehurst","1","100.0000","81102","PM10 Total 0-10um STP","","","16","Idaho","079","Shoshone","47.536389","-116.236667"
"03/28/2020","AQS","160790017","3","14","ug/m3 SC","13","Pinehurst","1","100.0000","81102","PM10 Total 0-10um STP","","","16","Idaho","079","Shoshone","47.536389","-116.236667"
"03/29/2020","AQS","160790017","3","10","ug/m3 SC","9","Pinehurst","1","100.0000","81102","PM10 Total 0-10um STP","","","16","Idaho","079","Shoshone","47.536389","-116.236667"
"03/30/2020","AQS","160790017","3","8","ug/m3 SC","7","Pinehurst","1","100.0000","81102","PM10 Total 0-10um STP","","","16","Idaho","079","Shoshone","47.536389","-116.236667"
"03/31/2020","AQS","160790017","3","7","ug/m3 SC","6","Pinehurst","1","100.0000","81102","PM10 Total 0-10um STP","","","16","Idaho","079","Shoshone","47.536389","-116.236667"
