"Date","Source","Site ID","POC","Daily Mean PM2.5 Concentration","UNITS","DAILY_AQI_VALUE","Site Name","DAILY_OBS_COUNT","PERCENT_COMPLETE","AQS_PARAMETER_CODE","AQS_PARAMETER_DESC","CBSA_CODE","CBSA_NAME","STATE_CODE","STATE","COUNTY_CODE","COUNTY","SITE_LATITUDE","SITE_LONGITUDE"
"01/01/2020","AQS","720010002","1","2.9","ug/m3 LC","12","Adjuntas","1","100.0000","88101","PM2.5 - Local Conditions","10260","Adjuntas, PR","72","Puerto Rico","001","Adjuntas","18.1753775873795","-66.7259880318065"
"01/22/2020","AQS","720010002","1","1.7","ug/m3 LC","7","Adjuntas","1","100.0000","88101","PM2.5 - Local Conditions","10260","Adjuntas, PR","72","Puerto Rico","001","Adjuntas","18.1753775873795","-66.7259880318065"
"01/25/2020","AQS","720010002","1","2.5","ug/m3 LC","10","Adjuntas","1","100.0000","88101","PM2.5 - Local Conditions","10260","Adjuntas, PR","72","Puerto Rico","001","Adjuntas","18.1753775873795","-66.7259880318065"
"01/28/2020","AQS","720010002","1","1.5","ug/m3 LC","6","Adjuntas","1","100.0000","88101","PM2.5 - Local Conditions","10260","Adjuntas, PR","72","Puerto Rico","001","Adjuntas","18.1753775873795","-66.7259880318065"
"01/31/2020","AQS","720010002","1","4.2","ug/m3 LC","18","Adjuntas","1","100.0000","88101","PM2.5 - Local Conditions","10260","Adjuntas, PR","72","Puerto Rico","001","Adjuntas","18.1753775873795","-66.7259880318065"
"02/03/2020","AQS","720010002","1","6","ug/m3 LC","25","Adjuntas","1","100.0000","88101","PM2.5 - Local Conditions","10260","Adjuntas, PR","72","Puerto Rico","001","Adjuntas","18.1753775873795","-66.7259880318065"
"02/06/2020","AQS","720010002","1","3.1","ug/m3 LC","13","Adjuntas","1","100.0000","88101","PM2.5 - Local Conditions","10260","Adjuntas, PR","72","Puerto Rico","001","Adjuntas","18.1753775873795","-66.7259880318065"
"02/09/2020","AQS","720010002","1","2.3","ug/m3 LC","10","Adjuntas","1","100.0000","88101","PM2.5 - Local Conditions","10260","Adjuntas, PR","72","Puerto Rico","001","Adjuntas","18.1753775873795","-66.7259880318065"
"02/12/2020","AQS","720010002","1","5.3","ug/m3 LC","22","Adjuntas","1","100.0000","88101","PM2.5 - Local Conditions","10260","Adjuntas, PR","72","Puerto Rico","001","Adjuntas","18.1753775873795","-66.7259880318065"
"02/15/2020","AQS","720010002","1","2.4","ug/m3 LC","10","Adjuntas","1","100.0000","88101","PM2.5 - Local Conditions","10260","Adjuntas, PR","72","Puerto Rico","001","Adjuntas","18.1753775873795","-66.7259880318065"
"02/18/2020","AQS","720010002","1","2.4","ug/m3 LC","10","Adjuntas","1","100.0000","88101","PM2.5 - Local Conditions","10260","Adjuntas, PR","72","Puerto Rico","001","Adjuntas","18.1753775873795","-66.7259880318065"
"02/21/2020","AQS","720010002","1","8.9","ug/m3 LC","37","Adjuntas","1","100.0000","88101","PM2.5 - Local Conditions","10260","Adjuntas, PR","72","Puerto Rico","001","Adjuntas","18.1753775873795","-66.7259880318065"
"02/25/2020","AQS","720010002","1","2.6","ug/m3 LC","11","Adjuntas","1","100.0000","88101","PM2.5 - Local Conditions","10260","Adjuntas, PR","72","Puerto Rico","001","Adjuntas","18.1753775873795","-66.7259880318065"
"02/27/2020","AQS","720010002","1","3.5","ug/m3 LC","15","Adjuntas","1","100.0000","88101","PM2.5 - Local Conditions","10260","Adjuntas, PR","72","Puerto Rico","001","Adjuntas","18.1753775873795","-66.7259880318065"
"03/01/2020","AQS","720010002","1","2.4","ug/m3 LC","10","Adjuntas","1","100.0000","88101","PM2.5 - Local Conditions","10260","Adjuntas, PR","72","Puerto Rico","001","Adjuntas","18.1753775873795","-66.7259880318065"
"03/04/2020","AQS","720010002","1","2.8","ug/m3 LC","12","Adjuntas","1","100.0000","88101","PM2.5 - Local Conditions","10260","Adjuntas, PR","72","Puerto Rico","001","Adjuntas","18.1753775873795","-66.7259880318065"
"03/07/2020","AQS","720010002","1","7.7","ug/m3 LC","32","Adjuntas","1","100.0000","88101","PM2.5 - Local Conditions","10260","Adjuntas, PR","72","Puerto Rico","001","Adjuntas","18.1753775873795","-66.7259880318065"
"03/10/2020","AQS","720010002","1","3.3","ug/m3 LC","14","Adjuntas","1","100.0000","88101","PM2.5 - Local Conditions","10260","Adjuntas, PR","72","Puerto Rico","001","Adjuntas","18.1753775873795","-66.7259880318065"
"01/01/2020","AQS","720210010","1","18.5","ug/m3 LC","64","","1","100.0000","88101","PM2.5 - Local Conditions","41980","San Juan-Carolina-Caguas, PR","72","Puerto Rico","021","Bayamon","18.420089117091","-66.1506154959386"
"01/04/2020","AQS","720210010","1","5.3","ug/m3 LC","22","","1","100.0000","88101","PM2.5 - Local Conditions","41980","San Juan-Carolina-Caguas, PR","72","Puerto Rico","021","Bayamon","18.420089117091","-66.1506154959386"
"01/22/2020","AQS","720210010","1","3.6","ug/m3 LC","15","","1","100.0000","88101","PM2.5 - Local Conditions","41980","San Juan-Carolina-Caguas, PR","72","Puerto Rico","021","Bayamon","18.420089117091","-66.1506154959386"
"01/25/2020","AQS","720210010","1","3.7","ug/m3 LC","15","","1","100.0000","88101","PM2.5 - Local Conditions","41980","San Juan-Carolina-Caguas, PR","72","Puerto Rico","021","Bayamon","18.420089117091","-66.1506154959386"
"01/28/2020","AQS","720210010","1","5","ug/m3 LC","21","","1","100.0000","88101","PM2.5 - Local Conditions","41980","San Juan-Carolina-Caguas, PR","72","Puerto Rico","021","Bayamon","18.420089117091","-66.1506154959386"
"01/31/2020","AQS","720210010","1","7.9","ug/m3 LC","33","","1","100.0000","88101","PM2.5 - Local Conditions","41980","San Juan-Carolina-Caguas, PR","72","Puerto Rico","021","Bayamon","18.420089117091","-66.1506154959386"
"02/06/2020","AQS","720210010","1","5","ug/m3 LC","21","","1","100.0000","88101","PM2.5 - Local Conditions","41980","San Juan-Carolina-Caguas, PR","72","Puerto Rico","021","Bayamon","18.420089117091","-66.1506154959386"
"02/09/2020","AQS","720210010","1","5.5","ug/m3 LC","23","","1","100.0000","88101","PM2.5 - Local Conditions","41980","San Juan-Carolina-Caguas, PR","72","Puerto Rico","021","Bayamon","18.420089117091","-66.1506154959386"
"02/12/2020","AQS","720210010","1","7.9","ug/m3 LC","33","","1","100.0000","88101","PM2.5 - Local Conditions","41980","San Juan-Carolina-Caguas, PR","72","Puerto Rico","021","Bayamon","18.420089117091","-66.1506154959386"
"02/15/2020","AQS","720210010","1","4.5","ug/m3 LC","19","","1","100.0000","88101","PM2.5 - Local Conditions","41980","San Juan-Carolina-Caguas, PR","72","Puerto Rico","021","Bayamon","18.420089117091","-66.1506154959386"
"02/18/2020","AQS","720210010","1","5.8","ug/m3 LC","24","","1","100.0000","88101","PM2.5 - Local Conditions","41980","San Juan-Carolina-Caguas, PR","72","Puerto Rico","021","Bayamon","18.420089117091","-66.1506154959386"
"02/21/2020","AQS","720210010","1","16.1","ug/m3 LC","59","","1","100.0000","88101","PM2.5 - Local Conditions","41980","San Juan-Carolina-Caguas, PR","72","Puerto Rico","021","Bayamon","18.420089117091","-66.1506154959386"
"02/25/2020","AQS","720210010","1","4.5","ug/m3 LC","19","","1","100.0000","88101","PM2.5 - Local Conditions","41980","San Juan-Carolina-Caguas, PR","72","Puerto Rico","021","Bayamon","18.420089117091","-66.1506154959386"
"02/27/2020","AQS","720210010","1","4.9","ug/m3 LC","20","","1","100.0000","88101","PM2.5 - Local Conditions","41980","San Juan-Carolina-Caguas, PR","72","Puerto Rico","021","Bayamon","18.420089117091","-66.1506154959386"
"03/01/2020","AQS","720210010","1","2.8","ug/m3 LC","12","","1","100.0000","88101","PM2.5 - Local Conditions","41980","San Juan-Carolina-Caguas, PR","72","Puerto Rico","021","Bayamon","18.420089117091","-66.1506154959386"
"03/04/2020","AQS","720210010","1","4.6","ug/m3 LC","19","","1","100.0000","88101","PM2.5 - Local Conditions","41980","San Juan-Carolina-Caguas, PR","72","Puerto Rico","021","Bayamon","18.420089117091","-66.1506154959386"
"03/07/2020","AQS","720210010","1","7.3","ug/m3 LC","30","","1","100.0000","88101","PM2.5 - Local Conditions","41980","San Juan-Carolina-Caguas, PR","72","Puerto Rico","021","Bayamon","18.420089117091","-66.1506154959386"
"03/10/2020","AQS","720210010","1","4.5","ug/m3 LC","19","","1","100.0000","88101","PM2.5 - Local Conditions","41980","San Juan-Carolina-Caguas, PR","72","Puerto Rico","021","Bayamon","18.420089117091","-66.1506154959386"
"01/01/2020","AQS","720250007","1","7.2","ug/m3 LC","30","","1","100.0000","88101","PM2.5 - Local Conditions","41980","San Juan-Carolina-Caguas, PR","72","Puerto Rico","025","Caguas","18.198712055868","-66.0522374571092"
"01/22/2020","AQS","720250007","1","4.2","ug/m3 LC","18","","1","100.0000","88101","PM2.5 - Local Conditions","41980","San Juan-Carolina-Caguas, PR","72","Puerto Rico","025","Caguas","18.198712055868","-66.0522374571092"
"01/25/2020","AQS","720250007","1","3.5","ug/m3 LC","15","","1","100.0000","88101","PM2.5 - Local Conditions","41980","San Juan-Carolina-Caguas, PR","72","Puerto Rico","025","Caguas","18.198712055868","-66.0522374571092"
"01/28/2020","AQS","720250007","1","4.8","ug/m3 LC","20","","1","100.0000","88101","PM2.5 - Local Conditions","41980","San Juan-Carolina-Caguas, PR","72","Puerto Rico","025","Caguas","18.198712055868","-66.0522374571092"
"01/31/2020","AQS","720250007","1","7.1","ug/m3 LC","30","","1","100.0000","88101","PM2.5 - Local Conditions","41980","San Juan-Carolina-Caguas, PR","72","Puerto Rico","025","Caguas","18.198712055868","-66.0522374571092"
"02/06/2020","AQS","720250007","1","4.3","ug/m3 LC","18","","1","100.0000","88101","PM2.5 - Local Conditions","41980","San Juan-Carolina-Caguas, PR","72","Puerto Rico","025","Caguas","18.198712055868","-66.0522374571092"
"02/09/2020","AQS","720250007","1","3.9","ug/m3 LC","16","","1","100.0000","88101","PM2.5 - Local Conditions","41980","San Juan-Carolina-Caguas, PR","72","Puerto Rico","025","Caguas","18.198712055868","-66.0522374571092"
"02/12/2020","AQS","720250007","1","8.4","ug/m3 LC","35","","1","100.0000","88101","PM2.5 - Local Conditions","41980","San Juan-Carolina-Caguas, PR","72","Puerto Rico","025","Caguas","18.198712055868","-66.0522374571092"
"02/15/2020","AQS","720250007","1","4.5","ug/m3 LC","19","","1","100.0000","88101","PM2.5 - Local Conditions","41980","San Juan-Carolina-Caguas, PR","72","Puerto Rico","025","Caguas","18.198712055868","-66.0522374571092"
"02/18/2020","AQS","720250007","1","5.8","ug/m3 LC","24","","1","100.0000","88101","PM2.5 - Local Conditions","41980","San Juan-Carolina-Caguas, PR","72","Puerto Rico","025","Caguas","18.198712055868","-66.0522374571092"
"02/21/2020","AQS","720250007","1","14.1","ug/m3 LC","55","","1","100.0000","88101","PM2.5 - Local Conditions","41980","San Juan-Carolina-Caguas, PR","72","Puerto Rico","025","Caguas","18.198712055868","-66.0522374571092"
"02/25/2020","AQS","720250007","1","6.1","ug/m3 LC","25","","1","100.0000","88101","PM2.5 - Local Conditions","41980","San Juan-Carolina-Caguas, PR","72","Puerto Rico","025","Caguas","18.198712055868","-66.0522374571092"
"02/27/2020","AQS","720250007","1","4.4","ug/m3 LC","18","","1","100.0000","88101","PM2.5 - Local Conditions","41980","San Juan-Carolina-Caguas, PR","72","Puerto Rico","025","Caguas","18.198712055868","-66.0522374571092"
"03/01/2020","AQS","720250007","1","3","ug/m3 LC","13","","1","100.0000","88101","PM2.5 - Local Conditions","41980","San Juan-Carolina-Caguas, PR","72","Puerto Rico","025","Caguas","18.198712055868","-66.0522374571092"
"03/04/2020","AQS","720250007","1","4.3","ug/m3 LC","18","","1","100.0000","88101","PM2.5 - Local Conditions","41980","San Juan-Carolina-Caguas, PR","72","Puerto Rico","025","Caguas","18.198712055868","-66.0522374571092"
"03/07/2020","AQS","720250007","1","6.1","ug/m3 LC","25","","1","100.0000","88101","PM2.5 - Local Conditions","41980","San Juan-Carolina-Caguas, PR","72","Puerto Rico","025","Caguas","18.198712055868","-66.0522374571092"
"03/10/2020","AQS","720250007","1","4.4","ug/m3 LC","18","","1","100.0000","88101","PM2.5 - Local Conditions","41980","San Juan-Carolina-Caguas, PR","72","Puerto Rico","025","Caguas","18.198712055868","-66.0522374571092"
"01/01/2020","AQS","720330004","1","24.7","ug/m3 LC","77","THE NW STREET AT THE 11 STREET","1","100.0000","88502","Acceptable PM2.5 AQI & Speciation Mass","41980","San Juan-Carolina-Caguas, PR","72","Puerto Rico","033","Catano","18.431207580152","-66.1416826216148"
"01/02/2020","AQS","720330004","1","1.1","ug/m3 LC","5","THE NW STREET AT THE 11 STREET","1","100.0000","88502","Acceptable PM2.5 AQI & Speciation Mass","41980","San Juan-Carolina-Caguas, PR","72","Puerto Rico","033","Catano","18.431207580152","-66.1416826216148"
"01/03/2020","AQS","720330004","1","2","ug/m3 LC","8","THE NW STREET AT THE 11 STREET","1","100.0000","88502","Acceptable PM2.5 AQI & Speciation Mass","41980","San Juan-Carolina-Caguas, PR","72","Puerto Rico","033","Catano","18.431207580152","-66.1416826216148"
"01/04/2020","AQS","720330004","1","6.5","ug/m3 LC","27","THE NW STREET AT THE 11 STREET","1","100.0000","88502","Acceptable PM2.5 AQI & Speciation Mass","41980","San Juan-Carolina-Caguas, PR","72","Puerto Rico","033","Catano","18.431207580152","-66.1416826216148"
"01/05/2020","AQS","720330004","1","2.7","ug/m3 LC","11","THE NW STREET AT THE 11 STREET","1","100.0000","88502","Acceptable PM2.5 AQI & Speciation Mass","41980","San Juan-Carolina-Caguas, PR","72","Puerto Rico","033","Catano","18.431207580152","-66.1416826216148"
"01/06/2020","AQS","720330004","1","2.8","ug/m3 LC","12","THE NW STREET AT THE 11 STREET","1","100.0000","88502","Acceptable PM2.5 AQI & Speciation Mass","41980","San Juan-Carolina-Caguas, PR","72","Puerto Rico","033","Catano","18.431207580152","-66.1416826216148"
"01/01/2020","AQS","720530003","1","2.7","ug/m3 LC","11","Fajardo","1","100.0000","88101","PM2.5 - Local Conditions","41980","San Juan-Carolina-Caguas, PR","72","Puerto Rico","053","Fajardo","18.3839834917421","-65.6188879373083"
"01/04/2020","AQS","720530003","1","5.3","ug/m3 LC","22","Fajardo","1","100.0000","88101","PM2.5 - Local Conditions","41980","San Juan-Carolina-Caguas, PR","72","Puerto Rico","053","Fajardo","18.3839834917421","-65.6188879373083"
"01/22/2020","AQS","720530003","1","2.8","ug/m3 LC","12","Fajardo","1","100.0000","88101","PM2.5 - Local Conditions","41980","San Juan-Carolina-Caguas, PR","72","Puerto Rico","053","Fajardo","18.3839834917421","-65.6188879373083"
"01/25/2020","AQS","720530003","1","4.7","ug/m3 LC","20","Fajardo","1","100.0000","88101","PM2.5 - Local Conditions","41980","San Juan-Carolina-Caguas, PR","72","Puerto Rico","053","Fajardo","18.3839834917421","-65.6188879373083"
"01/28/2020","AQS","720530003","1","2.5","ug/m3 LC","10","Fajardo","1","100.0000","88101","PM2.5 - Local Conditions","41980","San Juan-Carolina-Caguas, PR","72","Puerto Rico","053","Fajardo","18.3839834917421","-65.6188879373083"
"02/06/2020","AQS","720530003","1","5","ug/m3 LC","21","Fajardo","1","100.0000","88101","PM2.5 - Local Conditions","41980","San Juan-Carolina-Caguas, PR","72","Puerto Rico","053","Fajardo","18.3839834917421","-65.6188879373083"
"02/09/2020","AQS","720530003","1","4.9","ug/m3 LC","20","Fajardo","1","100.0000","88101","PM2.5 - Local Conditions","41980","San Juan-Carolina-Caguas, PR","72","Puerto Rico","053","Fajardo","18.3839834917421","-65.6188879373083"
"02/12/2020","AQS","720530003","1","8.1","ug/m3 LC","34","Fajardo","1","100.0000","88101","PM2.5 - Local Conditions","41980","San Juan-Carolina-Caguas, PR","72","Puerto Rico","053","Fajardo","18.3839834917421","-65.6188879373083"
"02/15/2020","AQS","720530003","1","4.8","ug/m3 LC","20","Fajardo","1","100.0000","88101","PM2.5 - Local Conditions","41980","San Juan-Carolina-Caguas, PR","72","Puerto Rico","053","Fajardo","18.3839834917421","-65.6188879373083"
"02/18/2020","AQS","720530003","1","5.8","ug/m3 LC","24","Fajardo","1","100.0000","88101","PM2.5 - Local Conditions","41980","San Juan-Carolina-Caguas, PR","72","Puerto Rico","053","Fajardo","18.3839834917421","-65.6188879373083"
"02/21/2020","AQS","720530003","1","13.5","ug/m3 LC","54","Fajardo","1","100.0000","88101","PM2.5 - Local Conditions","41980","San Juan-Carolina-Caguas, PR","72","Puerto Rico","053","Fajardo","18.3839834917421","-65.6188879373083"
"02/25/2020","AQS","720530003","1","6.9","ug/m3 LC","29","Fajardo","1","100.0000","88101","PM2.5 - Local Conditions","41980","San Juan-Carolina-Caguas, PR","72","Puerto Rico","053","Fajardo","18.3839834917421","-65.6188879373083"
"02/27/2020","AQS","720530003","1","4","ug/m3 LC","17","Fajardo","1","100.0000","88101","PM2.5 - Local Conditions","41980","San Juan-Carolina-Caguas, PR","72","Puerto Rico","053","Fajardo","18.3839834917421","-65.6188879373083"
"03/01/2020","AQS","720530003","1","2","ug/m3 LC","8","Fajardo","1","100.0000","88101","PM2.5 - Local Conditions","41980","San Juan-Carolina-Caguas, PR","72","Puerto Rico","053","Fajardo","18.3839834917421","-65.6188879373083"
"03/04/2020","AQS","720530003","1","4.6","ug/m3 LC","19","Fajardo","1","100.0000","88101","PM2.5 - Local Conditions","41980","San Juan-Carolina-Caguas, PR","72","Puerto Rico","053","Fajardo","18.3839834917421","-65.6188879373083"
"03/07/2020","AQS","720530003","1","6.3","ug/m3 LC","26","Fajardo","1","100.0000","88101","PM2.5 - Local Conditions","41980","San Juan-Carolina-Caguas, PR","72","Puerto Rico","053","Fajardo","18.3839834917421","-65.6188879373083"
"03/10/2020","AQS","720530003","1","7.3","ug/m3 LC","30","Fajardo","1","100.0000","88101","PM2.5 - Local Conditions","41980","San Juan-Carolina-Caguas, PR","72","Puerto Rico","053","Fajardo","18.3839834917421","-65.6188879373083"
"01/01/2020","AQS","720570012","1","3.3","ug/m3 LC","14","","1","100.0000","88101","PM2.5 - Local Conditions","25020","Guayama, PR","72","Puerto Rico","057","Guayama","17.955378","-66.162122"
"01/22/2020","AQS","720570012","1","2.2","ug/m3 LC","9","","1","100.0000","88101","PM2.5 - Local Conditions","25020","Guayama, PR","72","Puerto Rico","057","Guayama","17.955378","-66.162122"
"01/25/2020","AQS","720570012","1","2.8","ug/m3 LC","12","","1","100.0000","88101","PM2.5 - Local Conditions","25020","Guayama, PR","72","Puerto Rico","057","Guayama","17.955378","-66.162122"
"01/28/2020","AQS","720570012","1","2.3","ug/m3 LC","10","","1","100.0000","88101","PM2.5 - Local Conditions","25020","Guayama, PR","72","Puerto Rico","057","Guayama","17.955378","-66.162122"
"01/31/2020","AQS","720570012","1","5.7","ug/m3 LC","24","","1","100.0000","88101","PM2.5 - Local Conditions","25020","Guayama, PR","72","Puerto Rico","057","Guayama","17.955378","-66.162122"
"02/03/2020","AQS","720570012","1","9.7","ug/m3 LC","40","","1","100.0000","88101","PM2.5 - Local Conditions","25020","Guayama, PR","72","Puerto Rico","057","Guayama","17.955378","-66.162122"
"02/06/2020","AQS","720570012","1","4.4","ug/m3 LC","18","","1","100.0000","88101","PM2.5 - Local Conditions","25020","Guayama, PR","72","Puerto Rico","057","Guayama","17.955378","-66.162122"
"02/09/2020","AQS","720570012","1","5.4","ug/m3 LC","23","","1","100.0000","88101","PM2.5 - Local Conditions","25020","Guayama, PR","72","Puerto Rico","057","Guayama","17.955378","-66.162122"
"02/12/2020","AQS","720570012","1","8.3","ug/m3 LC","35","","1","100.0000","88101","PM2.5 - Local Conditions","25020","Guayama, PR","72","Puerto Rico","057","Guayama","17.955378","-66.162122"
"02/15/2020","AQS","720570012","1","3.9","ug/m3 LC","16","","1","100.0000","88101","PM2.5 - Local Conditions","25020","Guayama, PR","72","Puerto Rico","057","Guayama","17.955378","-66.162122"
"02/18/2020","AQS","720570012","1","5.5","ug/m3 LC","23","","1","100.0000","88101","PM2.5 - Local Conditions","25020","Guayama, PR","72","Puerto Rico","057","Guayama","17.955378","-66.162122"
"02/21/2020","AQS","720570012","1","14.8","ug/m3 LC","57","","1","100.0000","88101","PM2.5 - Local Conditions","25020","Guayama, PR","72","Puerto Rico","057","Guayama","17.955378","-66.162122"
"02/25/2020","AQS","720570012","1","4.9","ug/m3 LC","20","","1","100.0000","88101","PM2.5 - Local Conditions","25020","Guayama, PR","72","Puerto Rico","057","Guayama","17.955378","-66.162122"
"02/27/2020","AQS","720570012","1","3.5","ug/m3 LC","15","","1","100.0000","88101","PM2.5 - Local Conditions","25020","Guayama, PR","72","Puerto Rico","057","Guayama","17.955378","-66.162122"
"03/01/2020","AQS","720570012","1","2.3","ug/m3 LC","10","","1","100.0000","88101","PM2.5 - Local Conditions","25020","Guayama, PR","72","Puerto Rico","057","Guayama","17.955378","-66.162122"
"03/04/2020","AQS","720570012","1","4","ug/m3 LC","17","","1","100.0000","88101","PM2.5 - Local Conditions","25020","Guayama, PR","72","Puerto Rico","057","Guayama","17.955378","-66.162122"
"03/07/2020","AQS","720570012","1","6.6","ug/m3 LC","28","","1","100.0000","88101","PM2.5 - Local Conditions","25020","Guayama, PR","72","Puerto Rico","057","Guayama","17.955378","-66.162122"
"03/10/2020","AQS","720570012","1","3.6","ug/m3 LC","15","","1","100.0000","88101","PM2.5 - Local Conditions","25020","Guayama, PR","72","Puerto Rico","057","Guayama","17.955378","-66.162122"
"01/01/2020","AQS","720610005","1","22","ug/m3 LC","72","Guaynabo","1","100.0000","88101","PM2.5 - Local Conditions","41980","San Juan-Carolina-Caguas, PR","72","Puerto Rico","061","Guaynabo","18.4400954089657","-66.1144597525592"
"01/22/2020","AQS","720610005","1","5.4","ug/m3 LC","23","Guaynabo","1","100.0000","88101","PM2.5 - Local Conditions","41980","San Juan-Carolina-Caguas, PR","72","Puerto Rico","061","Guaynabo","18.4400954089657","-66.1144597525592"
"01/25/2020","AQS","720610005","1","4","ug/m3 LC","17","Guaynabo","1","100.0000","88101","PM2.5 - Local Conditions","41980","San Juan-Carolina-Caguas, PR","72","Puerto Rico","061","Guaynabo","18.4400954089657","-66.1144597525592"
"01/28/2020","AQS","720610005","1","4.6","ug/m3 LC","19","Guaynabo","1","100.0000","88101","PM2.5 - Local Conditions","41980","San Juan-Carolina-Caguas, PR","72","Puerto Rico","061","Guaynabo","18.4400954089657","-66.1144597525592"
"01/31/2020","AQS","720610005","1","8.9","ug/m3 LC","37","Guaynabo","1","100.0000","88101","PM2.5 - Local Conditions","41980","San Juan-Carolina-Caguas, PR","72","Puerto Rico","061","Guaynabo","18.4400954089657","-66.1144597525592"
"02/03/2020","AQS","720610005","1","9.9","ug/m3 LC","41","Guaynabo","1","100.0000","88101","PM2.5 - Local Conditions","41980","San Juan-Carolina-Caguas, PR","72","Puerto Rico","061","Guaynabo","18.4400954089657","-66.1144597525592"
"02/06/2020","AQS","720610005","1","7","ug/m3 LC","29","Guaynabo","1","100.0000","88101","PM2.5 - Local Conditions","41980","San Juan-Carolina-Caguas, PR","72","Puerto Rico","061","Guaynabo","18.4400954089657","-66.1144597525592"
"02/09/2020","AQS","720610005","1","5.7","ug/m3 LC","24","Guaynabo","1","100.0000","88101","PM2.5 - Local Conditions","41980","San Juan-Carolina-Caguas, PR","72","Puerto Rico","061","Guaynabo","18.4400954089657","-66.1144597525592"
"02/12/2020","AQS","720610005","1","9.5","ug/m3 LC","40","Guaynabo","1","100.0000","88101","PM2.5 - Local Conditions","41980","San Juan-Carolina-Caguas, PR","72","Puerto Rico","061","Guaynabo","18.4400954089657","-66.1144597525592"
"02/15/2020","AQS","720610005","1","5.5","ug/m3 LC","23","Guaynabo","1","100.0000","88101","PM2.5 - Local Conditions","41980","San Juan-Carolina-Caguas, PR","72","Puerto Rico","061","Guaynabo","18.4400954089657","-66.1144597525592"
"02/18/2020","AQS","720610005","1","5.8","ug/m3 LC","24","Guaynabo","1","100.0000","88101","PM2.5 - Local Conditions","41980","San Juan-Carolina-Caguas, PR","72","Puerto Rico","061","Guaynabo","18.4400954089657","-66.1144597525592"
"02/21/2020","AQS","720610005","1","17","ug/m3 LC","61","Guaynabo","1","100.0000","88101","PM2.5 - Local Conditions","41980","San Juan-Carolina-Caguas, PR","72","Puerto Rico","061","Guaynabo","18.4400954089657","-66.1144597525592"
"02/25/2020","AQS","720610005","1","4.8","ug/m3 LC","20","Guaynabo","1","100.0000","88101","PM2.5 - Local Conditions","41980","San Juan-Carolina-Caguas, PR","72","Puerto Rico","061","Guaynabo","18.4400954089657","-66.1144597525592"
"02/27/2020","AQS","720610005","1","6.5","ug/m3 LC","27","Guaynabo","1","100.0000","88101","PM2.5 - Local Conditions","41980","San Juan-Carolina-Caguas, PR","72","Puerto Rico","061","Guaynabo","18.4400954089657","-66.1144597525592"
"03/01/2020","AQS","720610005","1","3.3","ug/m3 LC","14","Guaynabo","1","100.0000","88101","PM2.5 - Local Conditions","41980","San Juan-Carolina-Caguas, PR","72","Puerto Rico","061","Guaynabo","18.4400954089657","-66.1144597525592"
"03/04/2020","AQS","720610005","1","4.9","ug/m3 LC","20","Guaynabo","1","100.0000","88101","PM2.5 - Local Conditions","41980","San Juan-Carolina-Caguas, PR","72","Puerto Rico","061","Guaynabo","18.4400954089657","-66.1144597525592"
"03/07/2020","AQS","720610005","1","7.7","ug/m3 LC","32","Guaynabo","1","100.0000","88101","PM2.5 - Local Conditions","41980","San Juan-Carolina-Caguas, PR","72","Puerto Rico","061","Guaynabo","18.4400954089657","-66.1144597525592"
"03/10/2020","AQS","720610005","1","5","ug/m3 LC","21","Guaynabo","1","100.0000","88101","PM2.5 - Local Conditions","41980","San Juan-Carolina-Caguas, PR","72","Puerto Rico","061","Guaynabo","18.4400954089657","-66.1144597525592"
"01/22/2020","AQS","720610005","2","5.2","ug/m3 LC","22","Guaynabo","1","100.0000","88101","PM2.5 - Local Conditions","41980","San Juan-Carolina-Caguas, PR","72","Puerto Rico","061","Guaynabo","18.4400954089657","-66.1144597525592"
"01/28/2020","AQS","720610005","2","4.7","ug/m3 LC","20","Guaynabo","1","100.0000","88101","PM2.5 - Local Conditions","41980","San Juan-Carolina-Caguas, PR","72","Puerto Rico","061","Guaynabo","18.4400954089657","-66.1144597525592"
"02/03/2020","AQS","720610005","2","9.8","ug/m3 LC","41","Guaynabo","1","100.0000","88101","PM2.5 - Local Conditions","41980","San Juan-Carolina-Caguas, PR","72","Puerto Rico","061","Guaynabo","18.4400954089657","-66.1144597525592"
"02/09/2020","AQS","720610005","2","6.2","ug/m3 LC","26","Guaynabo","1","100.0000","88101","PM2.5 - Local Conditions","41980","San Juan-Carolina-Caguas, PR","72","Puerto Rico","061","Guaynabo","18.4400954089657","-66.1144597525592"
"02/15/2020","AQS","720610005","2","5.4","ug/m3 LC","23","Guaynabo","1","100.0000","88101","PM2.5 - Local Conditions","41980","San Juan-Carolina-Caguas, PR","72","Puerto Rico","061","Guaynabo","18.4400954089657","-66.1144597525592"
"02/21/2020","AQS","720610005","2","16.8","ug/m3 LC","61","Guaynabo","1","100.0000","88101","PM2.5 - Local Conditions","41980","San Juan-Carolina-Caguas, PR","72","Puerto Rico","061","Guaynabo","18.4400954089657","-66.1144597525592"
"02/27/2020","AQS","720610005","2","5.6","ug/m3 LC","23","Guaynabo","1","100.0000","88101","PM2.5 - Local Conditions","41980","San Juan-Carolina-Caguas, PR","72","Puerto Rico","061","Guaynabo","18.4400954089657","-66.1144597525592"
"03/04/2020","AQS","720610005","2","5.2","ug/m3 LC","22","Guaynabo","1","100.0000","88101","PM2.5 - Local Conditions","41980","San Juan-Carolina-Caguas, PR","72","Puerto Rico","061","Guaynabo","18.4400954089657","-66.1144597525592"
"03/10/2020","AQS","720610005","2","5","ug/m3 LC","21","Guaynabo","1","100.0000","88101","PM2.5 - Local Conditions","41980","San Juan-Carolina-Caguas, PR","72","Puerto Rico","061","Guaynabo","18.4400954089657","-66.1144597525592"
"01/01/2020","AQS","720970007","1","0.5","ug/m3 LC","2","Mayaguez","1","100.0000","88502","Acceptable PM2.5 AQI & Speciation Mass","32420","Mayaguez, PR","72","Puerto Rico","097","Mayagnez","18.2160383575818","-67.1441074797581"
"01/02/2020","AQS","720970007","1","2.3","ug/m3 LC","10","Mayaguez","1","100.0000","88502","Acceptable PM2.5 AQI & Speciation Mass","32420","Mayaguez, PR","72","Puerto Rico","097","Mayagnez","18.2160383575818","-67.1441074797581"
"01/03/2020","AQS","720970007","1","1.6","ug/m3 LC","7","Mayaguez","1","100.0000","88502","Acceptable PM2.5 AQI & Speciation Mass","32420","Mayaguez, PR","72","Puerto Rico","097","Mayagnez","18.2160383575818","-67.1441074797581"
"01/04/2020","AQS","720970007","1","4.1","ug/m3 LC","17","Mayaguez","1","100.0000","88502","Acceptable PM2.5 AQI & Speciation Mass","32420","Mayaguez, PR","72","Puerto Rico","097","Mayagnez","18.2160383575818","-67.1441074797581"
"01/05/2020","AQS","720970007","1","3.3","ug/m3 LC","14","Mayaguez","1","100.0000","88502","Acceptable PM2.5 AQI & Speciation Mass","32420","Mayaguez, PR","72","Puerto Rico","097","Mayagnez","18.2160383575818","-67.1441074797581"
"01/06/2020","AQS","720970007","1","2.1","ug/m3 LC","9","Mayaguez","1","100.0000","88502","Acceptable PM2.5 AQI & Speciation Mass","32420","Mayaguez, PR","72","Puerto Rico","097","Mayagnez","18.2160383575818","-67.1441074797581"
"01/08/2020","AQS","720970007","1","-0.8","ug/m3 LC","0","Mayaguez","1","100.0000","88502","Acceptable PM2.5 AQI & Speciation Mass","32420","Mayaguez, PR","72","Puerto Rico","097","Mayagnez","18.2160383575818","-67.1441074797581"
"01/09/2020","AQS","720970007","1","6.3","ug/m3 LC","26","Mayaguez","1","100.0000","88502","Acceptable PM2.5 AQI & Speciation Mass","32420","Mayaguez, PR","72","Puerto Rico","097","Mayagnez","18.2160383575818","-67.1441074797581"
"01/10/2020","AQS","720970007","1","6.6","ug/m3 LC","28","Mayaguez","1","100.0000","88502","Acceptable PM2.5 AQI & Speciation Mass","32420","Mayaguez, PR","72","Puerto Rico","097","Mayagnez","18.2160383575818","-67.1441074797581"
"01/11/2020","AQS","720970007","1","5.6","ug/m3 LC","23","Mayaguez","1","100.0000","88502","Acceptable PM2.5 AQI & Speciation Mass","32420","Mayaguez, PR","72","Puerto Rico","097","Mayagnez","18.2160383575818","-67.1441074797581"
"01/12/2020","AQS","720970007","1","3.5","ug/m3 LC","15","Mayaguez","1","100.0000","88502","Acceptable PM2.5 AQI & Speciation Mass","32420","Mayaguez, PR","72","Puerto Rico","097","Mayagnez","18.2160383575818","-67.1441074797581"
"01/13/2020","AQS","720970007","1","5.1","ug/m3 LC","21","Mayaguez","1","100.0000","88502","Acceptable PM2.5 AQI & Speciation Mass","32420","Mayaguez, PR","72","Puerto Rico","097","Mayagnez","18.2160383575818","-67.1441074797581"
"01/14/2020","AQS","720970007","1","3.3","ug/m3 LC","14","Mayaguez","1","100.0000","88502","Acceptable PM2.5 AQI & Speciation Mass","32420","Mayaguez, PR","72","Puerto Rico","097","Mayagnez","18.2160383575818","-67.1441074797581"
"01/15/2020","AQS","720970007","1","3.2","ug/m3 LC","13","Mayaguez","1","100.0000","88502","Acceptable PM2.5 AQI & Speciation Mass","32420","Mayaguez, PR","72","Puerto Rico","097","Mayagnez","18.2160383575818","-67.1441074797581"
"01/16/2020","AQS","720970007","1","2.5","ug/m3 LC","10","Mayaguez","1","100.0000","88502","Acceptable PM2.5 AQI & Speciation Mass","32420","Mayaguez, PR","72","Puerto Rico","097","Mayagnez","18.2160383575818","-67.1441074797581"
"01/17/2020","AQS","720970007","1","2.4","ug/m3 LC","10","Mayaguez","1","100.0000","88502","Acceptable PM2.5 AQI & Speciation Mass","32420","Mayaguez, PR","72","Puerto Rico","097","Mayagnez","18.2160383575818","-67.1441074797581"
"01/18/2020","AQS","720970007","1","2.6","ug/m3 LC","11","Mayaguez","1","100.0000","88502","Acceptable PM2.5 AQI & Speciation Mass","32420","Mayaguez, PR","72","Puerto Rico","097","Mayagnez","18.2160383575818","-67.1441074797581"
"01/19/2020","AQS","720970007","1","3","ug/m3 LC","13","Mayaguez","1","100.0000","88502","Acceptable PM2.5 AQI & Speciation Mass","32420","Mayaguez, PR","72","Puerto Rico","097","Mayagnez","18.2160383575818","-67.1441074797581"
"01/20/2020","AQS","720970007","1","2.9","ug/m3 LC","12","Mayaguez","1","100.0000","88502","Acceptable PM2.5 AQI & Speciation Mass","32420","Mayaguez, PR","72","Puerto Rico","097","Mayagnez","18.2160383575818","-67.1441074797581"
"01/21/2020","AQS","720970007","1","3.7","ug/m3 LC","15","Mayaguez","1","100.0000","88502","Acceptable PM2.5 AQI & Speciation Mass","32420","Mayaguez, PR","72","Puerto Rico","097","Mayagnez","18.2160383575818","-67.1441074797581"
"01/22/2020","AQS","720970007","1","3.4","ug/m3 LC","14","Mayaguez","1","100.0000","88502","Acceptable PM2.5 AQI & Speciation Mass","32420","Mayaguez, PR","72","Puerto Rico","097","Mayagnez","18.2160383575818","-67.1441074797581"
"01/23/2020","AQS","720970007","1","2.8","ug/m3 LC","12","Mayaguez","1","100.0000","88502","Acceptable PM2.5 AQI & Speciation Mass","32420","Mayaguez, PR","72","Puerto Rico","097","Mayagnez","18.2160383575818","-67.1441074797581"
"01/24/2020","AQS","720970007","1","3.7","ug/m3 LC","15","Mayaguez","1","100.0000","88502","Acceptable PM2.5 AQI & Speciation Mass","32420","Mayaguez, PR","72","Puerto Rico","097","Mayagnez","18.2160383575818","-67.1441074797581"
"01/25/2020","AQS","720970007","1","2.7","ug/m3 LC","11","Mayaguez","1","100.0000","88502","Acceptable PM2.5 AQI & Speciation Mass","32420","Mayaguez, PR","72","Puerto Rico","097","Mayagnez","18.2160383575818","-67.1441074797581"
"01/26/2020","AQS","720970007","1","2.9","ug/m3 LC","12","Mayaguez","1","100.0000","88502","Acceptable PM2.5 AQI & Speciation Mass","32420","Mayaguez, PR","72","Puerto Rico","097","Mayagnez","18.2160383575818","-67.1441074797581"
"01/27/2020","AQS","720970007","1","3.2","ug/m3 LC","13","Mayaguez","1","100.0000","88502","Acceptable PM2.5 AQI & Speciation Mass","32420","Mayaguez, PR","72","Puerto Rico","097","Mayagnez","18.2160383575818","-67.1441074797581"
"01/28/2020","AQS","720970007","1","0.7","ug/m3 LC","3","Mayaguez","1","100.0000","88502","Acceptable PM2.5 AQI & Speciation Mass","32420","Mayaguez, PR","72","Puerto Rico","097","Mayagnez","18.2160383575818","-67.1441074797581"
"01/29/2020","AQS","720970007","1","2.4","ug/m3 LC","10","Mayaguez","1","100.0000","88502","Acceptable PM2.5 AQI & Speciation Mass","32420","Mayaguez, PR","72","Puerto Rico","097","Mayagnez","18.2160383575818","-67.1441074797581"
"01/30/2020","AQS","720970007","1","6.2","ug/m3 LC","26","Mayaguez","1","100.0000","88502","Acceptable PM2.5 AQI & Speciation Mass","32420","Mayaguez, PR","72","Puerto Rico","097","Mayagnez","18.2160383575818","-67.1441074797581"
"01/31/2020","AQS","720970007","1","3.8","ug/m3 LC","16","Mayaguez","1","100.0000","88502","Acceptable PM2.5 AQI & Speciation Mass","32420","Mayaguez, PR","72","Puerto Rico","097","Mayagnez","18.2160383575818","-67.1441074797581"
"02/01/2020","AQS","720970007","1","3.1","ug/m3 LC","13","Mayaguez","1","100.0000","88502","Acceptable PM2.5 AQI & Speciation Mass","32420","Mayaguez, PR","72","Puerto Rico","097","Mayagnez","18.2160383575818","-67.1441074797581"
"02/02/2020","AQS","720970007","1","3.3","ug/m3 LC","14","Mayaguez","1","100.0000","88502","Acceptable PM2.5 AQI & Speciation Mass","32420","Mayaguez, PR","72","Puerto Rico","097","Mayagnez","18.2160383575818","-67.1441074797581"
"02/03/2020","AQS","720970007","1","6.8","ug/m3 LC","28","Mayaguez","1","100.0000","88502","Acceptable PM2.5 AQI & Speciation Mass","32420","Mayaguez, PR","72","Puerto Rico","097","Mayagnez","18.2160383575818","-67.1441074797581"
"02/04/2020","AQS","720970007","1","5.1","ug/m3 LC","21","Mayaguez","1","100.0000","88502","Acceptable PM2.5 AQI & Speciation Mass","32420","Mayaguez, PR","72","Puerto Rico","097","Mayagnez","18.2160383575818","-67.1441074797581"
"02/05/2020","AQS","720970007","1","2.8","ug/m3 LC","12","Mayaguez","1","100.0000","88502","Acceptable PM2.5 AQI & Speciation Mass","32420","Mayaguez, PR","72","Puerto Rico","097","Mayagnez","18.2160383575818","-67.1441074797581"
"02/06/2020","AQS","720970007","1","2.8","ug/m3 LC","12","Mayaguez","1","100.0000","88502","Acceptable PM2.5 AQI & Speciation Mass","32420","Mayaguez, PR","72","Puerto Rico","097","Mayagnez","18.2160383575818","-67.1441074797581"
"02/07/2020","AQS","720970007","1","4","ug/m3 LC","17","Mayaguez","1","100.0000","88502","Acceptable PM2.5 AQI & Speciation Mass","32420","Mayaguez, PR","72","Puerto Rico","097","Mayagnez","18.2160383575818","-67.1441074797581"
"02/08/2020","AQS","720970007","1","2.9","ug/m3 LC","12","Mayaguez","1","100.0000","88502","Acceptable PM2.5 AQI & Speciation Mass","32420","Mayaguez, PR","72","Puerto Rico","097","Mayagnez","18.2160383575818","-67.1441074797581"
"02/09/2020","AQS","720970007","1","1.8","ug/m3 LC","8","Mayaguez","1","100.0000","88502","Acceptable PM2.5 AQI & Speciation Mass","32420","Mayaguez, PR","72","Puerto Rico","097","Mayagnez","18.2160383575818","-67.1441074797581"
"02/10/2020","AQS","720970007","1","4.6","ug/m3 LC","19","Mayaguez","1","100.0000","88502","Acceptable PM2.5 AQI & Speciation Mass","32420","Mayaguez, PR","72","Puerto Rico","097","Mayagnez","18.2160383575818","-67.1441074797581"
"02/11/2020","AQS","720970007","1","7.6","ug/m3 LC","32","Mayaguez","1","100.0000","88502","Acceptable PM2.5 AQI & Speciation Mass","32420","Mayaguez, PR","72","Puerto Rico","097","Mayagnez","18.2160383575818","-67.1441074797581"
"02/12/2020","AQS","720970007","1","6.1","ug/m3 LC","25","Mayaguez","1","100.0000","88502","Acceptable PM2.5 AQI & Speciation Mass","32420","Mayaguez, PR","72","Puerto Rico","097","Mayagnez","18.2160383575818","-67.1441074797581"
"02/13/2020","AQS","720970007","1","3.9","ug/m3 LC","16","Mayaguez","1","100.0000","88502","Acceptable PM2.5 AQI & Speciation Mass","32420","Mayaguez, PR","72","Puerto Rico","097","Mayagnez","18.2160383575818","-67.1441074797581"
"02/14/2020","AQS","720970007","1","2.6","ug/m3 LC","11","Mayaguez","1","100.0000","88502","Acceptable PM2.5 AQI & Speciation Mass","32420","Mayaguez, PR","72","Puerto Rico","097","Mayagnez","18.2160383575818","-67.1441074797581"
"02/15/2020","AQS","720970007","1","1.9","ug/m3 LC","8","Mayaguez","1","100.0000","88502","Acceptable PM2.5 AQI & Speciation Mass","32420","Mayaguez, PR","72","Puerto Rico","097","Mayagnez","18.2160383575818","-67.1441074797581"
"02/16/2020","AQS","720970007","1","1.5","ug/m3 LC","6","Mayaguez","1","100.0000","88502","Acceptable PM2.5 AQI & Speciation Mass","32420","Mayaguez, PR","72","Puerto Rico","097","Mayagnez","18.2160383575818","-67.1441074797581"
"02/17/2020","AQS","720970007","1","6.2","ug/m3 LC","26","Mayaguez","1","100.0000","88502","Acceptable PM2.5 AQI & Speciation Mass","32420","Mayaguez, PR","72","Puerto Rico","097","Mayagnez","18.2160383575818","-67.1441074797581"
"02/18/2020","AQS","720970007","1","2.1","ug/m3 LC","9","Mayaguez","1","100.0000","88502","Acceptable PM2.5 AQI & Speciation Mass","32420","Mayaguez, PR","72","Puerto Rico","097","Mayagnez","18.2160383575818","-67.1441074797581"
"02/19/2020","AQS","720970007","1","4.5","ug/m3 LC","19","Mayaguez","1","100.0000","88502","Acceptable PM2.5 AQI & Speciation Mass","32420","Mayaguez, PR","72","Puerto Rico","097","Mayagnez","18.2160383575818","-67.1441074797581"
"02/20/2020","AQS","720970007","1","-69.3","ug/m3 LC","0","Mayaguez","1","100.0000","88502","Acceptable PM2.5 AQI & Speciation Mass","32420","Mayaguez, PR","72","Puerto Rico","097","Mayagnez","18.2160383575818","-67.1441074797581"
"02/21/2020","AQS","720970007","1","11.6","ug/m3 LC","48","Mayaguez","1","100.0000","88502","Acceptable PM2.5 AQI & Speciation Mass","32420","Mayaguez, PR","72","Puerto Rico","097","Mayagnez","18.2160383575818","-67.1441074797581"
"02/22/2020","AQS","720970007","1","1.4","ug/m3 LC","6","Mayaguez","1","100.0000","88502","Acceptable PM2.5 AQI & Speciation Mass","32420","Mayaguez, PR","72","Puerto Rico","097","Mayagnez","18.2160383575818","-67.1441074797581"
"02/23/2020","AQS","720970007","1","-1.5","ug/m3 LC","0","Mayaguez","1","100.0000","88502","Acceptable PM2.5 AQI & Speciation Mass","32420","Mayaguez, PR","72","Puerto Rico","097","Mayagnez","18.2160383575818","-67.1441074797581"
"02/24/2020","AQS","720970007","1","-2.5","ug/m3 LC","0","Mayaguez","1","100.0000","88502","Acceptable PM2.5 AQI & Speciation Mass","32420","Mayaguez, PR","72","Puerto Rico","097","Mayagnez","18.2160383575818","-67.1441074797581"
"02/25/2020","AQS","720970007","1","-0.7","ug/m3 LC","0","Mayaguez","1","100.0000","88502","Acceptable PM2.5 AQI & Speciation Mass","32420","Mayaguez, PR","72","Puerto Rico","097","Mayagnez","18.2160383575818","-67.1441074797581"
"02/26/2020","AQS","720970007","1","1.6","ug/m3 LC","7","Mayaguez","1","100.0000","88502","Acceptable PM2.5 AQI & Speciation Mass","32420","Mayaguez, PR","72","Puerto Rico","097","Mayagnez","18.2160383575818","-67.1441074797581"
"02/27/2020","AQS","720970007","1","11.1","ug/m3 LC","46","Mayaguez","1","100.0000","88502","Acceptable PM2.5 AQI & Speciation Mass","32420","Mayaguez, PR","72","Puerto Rico","097","Mayagnez","18.2160383575818","-67.1441074797581"
"02/28/2020","AQS","720970007","1","10.9","ug/m3 LC","45","Mayaguez","1","100.0000","88502","Acceptable PM2.5 AQI & Speciation Mass","32420","Mayaguez, PR","72","Puerto Rico","097","Mayagnez","18.2160383575818","-67.1441074797581"
"02/29/2020","AQS","720970007","1","7.6","ug/m3 LC","32","Mayaguez","1","100.0000","88502","Acceptable PM2.5 AQI & Speciation Mass","32420","Mayaguez, PR","72","Puerto Rico","097","Mayagnez","18.2160383575818","-67.1441074797581"
"03/01/2020","AQS","720970007","1","6.5","ug/m3 LC","27","Mayaguez","1","100.0000","88502","Acceptable PM2.5 AQI & Speciation Mass","32420","Mayaguez, PR","72","Puerto Rico","097","Mayagnez","18.2160383575818","-67.1441074797581"
"03/02/2020","AQS","720970007","1","-0.8","ug/m3 LC","0","Mayaguez","1","100.0000","88502","Acceptable PM2.5 AQI & Speciation Mass","32420","Mayaguez, PR","72","Puerto Rico","097","Mayagnez","18.2160383575818","-67.1441074797581"
"03/03/2020","AQS","720970007","1","8.7","ug/m3 LC","36","Mayaguez","1","100.0000","88502","Acceptable PM2.5 AQI & Speciation Mass","32420","Mayaguez, PR","72","Puerto Rico","097","Mayagnez","18.2160383575818","-67.1441074797581"
"03/04/2020","AQS","720970007","1","11.1","ug/m3 LC","46","Mayaguez","1","100.0000","88502","Acceptable PM2.5 AQI & Speciation Mass","32420","Mayaguez, PR","72","Puerto Rico","097","Mayagnez","18.2160383575818","-67.1441074797581"
"03/05/2020","AQS","720970007","1","12.8","ug/m3 LC","52","Mayaguez","1","100.0000","88502","Acceptable PM2.5 AQI & Speciation Mass","32420","Mayaguez, PR","72","Puerto Rico","097","Mayagnez","18.2160383575818","-67.1441074797581"
"03/06/2020","AQS","720970007","1","18.6","ug/m3 LC","65","Mayaguez","1","100.0000","88502","Acceptable PM2.5 AQI & Speciation Mass","32420","Mayaguez, PR","72","Puerto Rico","097","Mayagnez","18.2160383575818","-67.1441074797581"
"03/07/2020","AQS","720970007","1","17.2","ug/m3 LC","62","Mayaguez","1","100.0000","88502","Acceptable PM2.5 AQI & Speciation Mass","32420","Mayaguez, PR","72","Puerto Rico","097","Mayagnez","18.2160383575818","-67.1441074797581"
"03/08/2020","AQS","720970007","1","9.7","ug/m3 LC","40","Mayaguez","1","100.0000","88502","Acceptable PM2.5 AQI & Speciation Mass","32420","Mayaguez, PR","72","Puerto Rico","097","Mayagnez","18.2160383575818","-67.1441074797581"
"01/01/2020","AQS","721130004","1","8.8","ug/m3 LC","37","RESIDENTIAL AREA","1","100.0000","88101","PM2.5 - Local Conditions","38660","Ponce, PR","72","Puerto Rico","113","Ponce","18.0095583121712","-66.6272491577955"
"01/22/2020","AQS","721130004","1","2.8","ug/m3 LC","12","RESIDENTIAL AREA","1","100.0000","88101","PM2.5 - Local Conditions","38660","Ponce, PR","72","Puerto Rico","113","Ponce","18.0095583121712","-66.6272491577955"
"01/23/2020","AQS","721130004","1","-0.2","ug/m3 LC","0","RESIDENTIAL AREA","1","100.0000","88502","Acceptable PM2.5 AQI & Speciation Mass","38660","Ponce, PR","72","Puerto Rico","113","Ponce","18.0095583121712","-66.6272491577955"
"01/25/2020","AQS","721130004","1","-0.5","ug/m3 LC","0","RESIDENTIAL AREA","1","100.0000","88502","Acceptable PM2.5 AQI & Speciation Mass","38660","Ponce, PR","72","Puerto Rico","113","Ponce","18.0095583121712","-66.6272491577955"
"01/28/2020","AQS","721130004","1","2.5","ug/m3 LC","10","RESIDENTIAL AREA","1","100.0000","88101","PM2.5 - Local Conditions","38660","Ponce, PR","72","Puerto Rico","113","Ponce","18.0095583121712","-66.6272491577955"
"01/30/2020","AQS","721130004","1","-0.2","ug/m3 LC","0","RESIDENTIAL AREA","1","100.0000","88502","Acceptable PM2.5 AQI & Speciation Mass","38660","Ponce, PR","72","Puerto Rico","113","Ponce","18.0095583121712","-66.6272491577955"
"01/31/2020","AQS","721130004","1","6.3","ug/m3 LC","26","RESIDENTIAL AREA","1","100.0000","88101","PM2.5 - Local Conditions","38660","Ponce, PR","72","Puerto Rico","113","Ponce","18.0095583121712","-66.6272491577955"
"02/02/2020","AQS","721130004","1","0.4","ug/m3 LC","2","RESIDENTIAL AREA","1","100.0000","88502","Acceptable PM2.5 AQI & Speciation Mass","38660","Ponce, PR","72","Puerto Rico","113","Ponce","18.0095583121712","-66.6272491577955"
"02/03/2020","AQS","721130004","1","8.9","ug/m3 LC","37","RESIDENTIAL AREA","1","100.0000","88101","PM2.5 - Local Conditions","38660","Ponce, PR","72","Puerto Rico","113","Ponce","18.0095583121712","-66.6272491577955"
"02/06/2020","AQS","721130004","1","0.7","ug/m3 LC","3","RESIDENTIAL AREA","1","100.0000","88502","Acceptable PM2.5 AQI & Speciation Mass","38660","Ponce, PR","72","Puerto Rico","113","Ponce","18.0095583121712","-66.6272491577955"
"02/07/2020","AQS","721130004","1","-0.4","ug/m3 LC","0","RESIDENTIAL AREA","1","100.0000","88502","Acceptable PM2.5 AQI & Speciation Mass","38660","Ponce, PR","72","Puerto Rico","113","Ponce","18.0095583121712","-66.6272491577955"
"02/09/2020","AQS","721130004","1","5.9","ug/m3 LC","25","RESIDENTIAL AREA","1","100.0000","88101","PM2.5 - Local Conditions","38660","Ponce, PR","72","Puerto Rico","113","Ponce","18.0095583121712","-66.6272491577955"
"02/12/2020","AQS","721130004","1","7.6","ug/m3 LC","32","RESIDENTIAL AREA","1","100.0000","88101","PM2.5 - Local Conditions","38660","Ponce, PR","72","Puerto Rico","113","Ponce","18.0095583121712","-66.6272491577955"
"02/15/2020","AQS","721130004","1","3.3","ug/m3 LC","14","RESIDENTIAL AREA","1","100.0000","88101","PM2.5 - Local Conditions","38660","Ponce, PR","72","Puerto Rico","113","Ponce","18.0095583121712","-66.6272491577955"
"02/18/2020","AQS","721130004","1","4.1","ug/m3 LC","17","RESIDENTIAL AREA","1","100.0000","88101","PM2.5 - Local Conditions","38660","Ponce, PR","72","Puerto Rico","113","Ponce","18.0095583121712","-66.6272491577955"
"02/21/2020","AQS","721130004","1","13.6","ug/m3 LC","54","RESIDENTIAL AREA","1","100.0000","88101","PM2.5 - Local Conditions","38660","Ponce, PR","72","Puerto Rico","113","Ponce","18.0095583121712","-66.6272491577955"
"02/25/2020","AQS","721130004","1","5.5","ug/m3 LC","23","RESIDENTIAL AREA","1","100.0000","88101","PM2.5 - Local Conditions","38660","Ponce, PR","72","Puerto Rico","113","Ponce","18.0095583121712","-66.6272491577955"
"02/27/2020","AQS","721130004","1","5.1","ug/m3 LC","21","RESIDENTIAL AREA","1","100.0000","88101","PM2.5 - Local Conditions","38660","Ponce, PR","72","Puerto Rico","113","Ponce","18.0095583121712","-66.6272491577955"
"03/01/2020","AQS","721130004","1","2.5","ug/m3 LC","10","RESIDENTIAL AREA","1","100.0000","88101","PM2.5 - Local Conditions","38660","Ponce, PR","72","Puerto Rico","113","Ponce","18.0095583121712","-66.6272491577955"
"03/04/2020","AQS","721130004","1","4.7","ug/m3 LC","20","RESIDENTIAL AREA","1","100.0000","88101","PM2.5 - Local Conditions","38660","Ponce, PR","72","Puerto Rico","113","Ponce","18.0095583121712","-66.6272491577955"
"03/06/2020","AQS","721130004","1","0.8","ug/m3 LC","3","RESIDENTIAL AREA","1","100.0000","88502","Acceptable PM2.5 AQI & Speciation Mass","38660","Ponce, PR","72","Puerto Rico","113","Ponce","18.0095583121712","-66.6272491577955"
"03/07/2020","AQS","721130004","1","0.6","ug/m3 LC","3","RESIDENTIAL AREA","1","100.0000","88502","Acceptable PM2.5 AQI & Speciation Mass","38660","Ponce, PR","72","Puerto Rico","113","Ponce","18.0095583121712","-66.6272491577955"
"03/08/2020","AQS","721130004","1","0.2","ug/m3 LC","1","RESIDENTIAL AREA","1","100.0000","88502","Acceptable PM2.5 AQI & Speciation Mass","38660","Ponce, PR","72","Puerto Rico","113","Ponce","18.0095583121712","-66.6272491577955"
"03/10/2020","AQS","721130004","1","3.2","ug/m3 LC","13","RESIDENTIAL AREA","1","100.0000","88101","PM2.5 - Local Conditions","38660","Ponce, PR","72","Puerto Rico","113","Ponce","18.0095583121712","-66.6272491577955"
